CPU Reset (CPU 0)
EAX=00000000 EBX=00000000 ECX=00000000 EDX=00000000
ESI=00000000 EDI=00000000 EBP=00000000 ESP=00000000
EIP=00000000 EFL=00000000 [-------] CPL=0 II=0 A20=0 SMM=0 HLT=0
ES =0000 00000000 00000000 00000000
CS =0000 00000000 00000000 00000000
SS =0000 00000000 00000000 00000000
DS =0000 00000000 00000000 00000000
FS =0000 00000000 00000000 00000000
GS =0000 00000000 00000000 00000000
LDT=0000 00000000 00000000 00000000
TR =0000 00000000 00000000 00000000
GDT=     00000000 00000000
IDT=     00000000 00000000
CR0=00000000 CR2=00000000 CR3=00000000 CR4=00000000
DR0=0000000000000000 DR1=0000000000000000 DR2=0000000000000000 DR3=0000000000000000 
DR6=0000000000000000 DR7=0000000000000000
CCS=00000000 CCD=00000000 CCO=EFLAGS
EFER=0000000000000000
FCW=0000 FSW=0000 [ST=0] FTW=ff MXCSR=00000000
FPR0=0000000000000000 0000 FPR1=0000000000000000 0000
FPR2=0000000000000000 0000 FPR3=0000000000000000 0000
FPR4=0000000000000000 0000 FPR5=0000000000000000 0000
FPR6=0000000000000000 0000 FPR7=0000000000000000 0000
XMM00=0000000000000000 0000000000000000 XMM01=0000000000000000 0000000000000000
XMM02=0000000000000000 0000000000000000 XMM03=0000000000000000 0000000000000000
XMM04=0000000000000000 0000000000000000 XMM05=0000000000000000 0000000000000000
XMM06=0000000000000000 0000000000000000 XMM07=0000000000000000 0000000000000000
CPU Reset (CPU 0)
EAX=00000000 EBX=00000000 ECX=00000000 EDX=00060fb1
ESI=00000000 EDI=00000000 EBP=00000000 ESP=00000000
EIP=0000fff0 EFL=00000002 [-------] CPL=0 II=0 A20=1 SMM=0 HLT=0
ES =0000 00000000 0000ffff 00009300
CS =f000 ffff0000 0000ffff 00009b00
SS =0000 00000000 0000ffff 00009300
DS =0000 00000000 0000ffff 00009300
FS =0000 00000000 0000ffff 00009300
GS =0000 00000000 0000ffff 00009300
LDT=0000 00000000 0000ffff 00008200
TR =0000 00000000 0000ffff 00008b00
GDT=     00000000 0000ffff
IDT=     00000000 0000ffff
CR0=60000010 CR2=00000000 CR3=00000000 CR4=00000000
DR0=0000000000000000 DR1=0000000000000000 DR2=0000000000000000 DR3=0000000000000000 
DR6=00000000ffff0ff0 DR7=0000000000000400
CCS=00000000 CCD=00000000 CCO=EFLAGS
EFER=0000000000000000
FCW=037f FSW=0000 [ST=0] FTW=00 MXCSR=00001f80
FPR0=0000000000000000 0000 FPR1=0000000000000000 0000
FPR2=0000000000000000 0000 FPR3=0000000000000000 0000
FPR4=0000000000000000 0000 FPR5=0000000000000000 0000
FPR6=0000000000000000 0000 FPR7=0000000000000000 0000
XMM00=0000000000000000 0000000000000000 XMM01=0000000000000000 0000000000000000
XMM02=0000000000000000 0000000000000000 XMM03=0000000000000000 0000000000000000
XMM04=0000000000000000 0000000000000000 XMM05=0000000000000000 0000000000000000
XMM06=0000000000000000 0000000000000000 XMM07=0000000000000000 0000000000000000
Servicing hardware INT=0x20
     0: v=20 e=0000 i=0 cpl=0 IP=0038:000000003ff0aa66 pc=000000003ff0aa66 SP=0030:000000003fefa278 env->regs[R_EAX]=000000003ff0aa66
RAX=000000003ff0aa66 RBX=000000003f4e7a80 RCX=0000000000000010 RDX=000000003f261018
RSI=0000000000000160 RDI=0000000000000000 RBP=000000003fefa300 RSP=000000003fefa278
R8 =000000000000001f R9 =000000003f4e7920 R10=000000003ee1f804 R11=8000000000000009
R12=0000000000000007 R13=0000000000000105 R14=000000003fefa3c8 R15=000fffffc0000000
RIP=000000003ff0aa66 RFL=00000202 [-------] CPL=0 II=0 A20=1 SMM=0 HLT=0
ES =0030 0000000000000000 ffffffff 00cf9300 DPL=0 DS   [-WA]
CS =0038 0000000000000000 ffffffff 00af9a00 DPL=0 CS64 [-R-]
SS =0030 0000000000000000 ffffffff 00cf9300 DPL=0 DS   [-WA]
DS =0030 0000000000000000 ffffffff 00cf9300 DPL=0 DS   [-WA]
FS =0030 0000000000000000 ffffffff 00cf9300 DPL=0 DS   [-WA]
GS =0030 0000000000000000 ffffffff 00cf9300 DPL=0 DS   [-WA]
LDT=0000 0000000000000000 0000ffff 00008200 DPL=0 LDT
TR =0000 0000000000000000 0000ffff 00008b00 DPL=0 TSS64-busy
GDT=     000000003f5dc000 00000047
IDT=     000000003f241018 00000fff
CR0=80000033 CR2=0000000000000000 CR3=000000003f801000 CR4=00000660
DR0=0000000000000000 DR1=0000000000000000 DR2=0000000000000000 DR3=0000000000000000 
DR6=00000000ffff0ff0 DR7=0000000000000400
CCS=0000000000000000 CCD=000000003fefa280 CCO=EFLAGS
EFER=0000000000000d00
Servicing hardware INT=0x20
     1: v=20 e=0000 i=0 cpl=0 IP=0038:000000003ff0aa66 pc=000000003ff0aa66 SP=0030:000000003fefa278 env->regs[R_EAX]=000000003ff0aa66
RAX=000000003ff0aa66 RBX=000000003f4e7a80 RCX=0000000000000010 RDX=000000003f261018
RSI=0000000000000160 RDI=0000000000000000 RBP=000000003fefa300 RSP=000000003fefa278
R8 =000000000000001f R9 =000000003f4e7920 R10=000000003ee1f804 R11=8000000000000009
R12=0000000000000007 R13=000000000000010f R14=000000003fefa3c8 R15=000fffffc0000000
RIP=000000003ff0aa66 RFL=00000202 [-------] CPL=0 II=0 A20=1 SMM=0 HLT=0
ES =0030 0000000000000000 ffffffff 00cf9300 DPL=0 DS   [-WA]
CS =0038 0000000000000000 ffffffff 00af9a00 DPL=0 CS64 [-R-]
SS =0030 0000000000000000 ffffffff 00cf9300 DPL=0 DS   [-WA]
DS =0030 0000000000000000 ffffffff 00cf9300 DPL=0 DS   [-WA]
FS =0030 0000000000000000 ffffffff 00cf9300 DPL=0 DS   [-WA]
GS =0030 0000000000000000 ffffffff 00cf9300 DPL=0 DS   [-WA]
LDT=0000 0000000000000000 0000ffff 00008200 DPL=0 LDT
TR =0000 0000000000000000 0000ffff 00008b00 DPL=0 TSS64-busy
GDT=     000000003f5dc000 00000047
IDT=     000000003f241018 00000fff
CR0=80000033 CR2=0000000000000000 CR3=000000003f801000 CR4=00000668
DR0=0000000000000000 DR1=0000000000000000 DR2=0000000000000000 DR3=0000000000000000 
DR6=00000000ffff0ff0 DR7=0000000000000400
CCS=0000000000000000 CCD=000000003fefa280 CCO=EFLAGS
EFER=0000000000000d00
Servicing hardware INT=0x20
     2: v=20 e=0000 i=0 cpl=0 IP=0038:000000003ff0aa66 pc=000000003ff0aa66 SP=0030:000000003fefa278 env->regs[R_EAX]=000000003ff0aa66
RAX=000000003ff0aa66 RBX=000000003f4e7a78 RCX=0000000000000010 RDX=000000003f261018
RSI=0000000000000158 RDI=0000000000000000 RBP=000000003fefa300 RSP=000000003fefa278
R8 =000000000000001f R9 =000000003f4e7920 R10=000000003ee1f804 R11=8000000000000009
R12=0000000000000005 R13=0000000000000116 R14=000000003fefa3c8 R15=000fffffc0000000
RIP=000000003ff0aa66 RFL=00000202 [-------] CPL=0 II=0 A20=1 SMM=0 HLT=0
ES =0030 0000000000000000 ffffffff 00cf9300 DPL=0 DS   [-WA]
CS =0038 0000000000000000 ffffffff 00af9a00 DPL=0 CS64 [-R-]
SS =0030 0000000000000000 ffffffff 00cf9300 DPL=0 DS   [-WA]
DS =0030 0000000000000000 ffffffff 00cf9300 DPL=0 DS   [-WA]
FS =0030 0000000000000000 ffffffff 00cf9300 DPL=0 DS   [-WA]
GS =0030 0000000000000000 ffffffff 00cf9300 DPL=0 DS   [-WA]
LDT=0000 0000000000000000 0000ffff 00008200 DPL=0 LDT
TR =0000 0000000000000000 0000ffff 00008b00 DPL=0 TSS64-busy
GDT=     000000003f5dc000 00000047
IDT=     000000003f241018 00000fff
CR0=80000033 CR2=0000000000000000 CR3=000000003f801000 CR4=00000668
DR0=0000000000000000 DR1=0000000000000000 DR2=0000000000000000 DR3=0000000000000000 
DR6=00000000ffff0ff0 DR7=0000000000000400
CCS=0000000000000000 CCD=000000003fefa280 CCO=EFLAGS
EFER=0000000000000d00
Servicing hardware INT=0x20
     3: v=20 e=0000 i=0 cpl=0 IP=0038:000000003f25cd33 pc=000000003f25cd33 SP=0030:000000003fefa280 env->regs[R_EAX]=0000000000000010
RAX=0000000000000010 RBX=000000003fefa3c4 RCX=0000000000000010 RDX=0000000000000000
RSI=0000000000000008 RDI=0000000000000007 RBP=000000003fefa300 RSP=000000003fefa280
R8 =000000000000001f R9 =000000003f4e7920 R10=000000003ee1f804 R11=8000000000000009
R12=0000000000000007 R13=0000000000000120 R14=000000003fefa3c8 R15=000fffffc0000000
RIP=000000003f25cd33 RFL=00000293 [--S-A-C] CPL=0 II=0 A20=1 SMM=0 HLT=0
ES =0030 0000000000000000 ffffffff 00cf9300 DPL=0 DS   [-WA]
CS =0038 0000000000000000 ffffffff 00af9a00 DPL=0 CS64 [-R-]
SS =0030 0000000000000000 ffffffff 00cf9300 DPL=0 DS   [-WA]
DS =0030 0000000000000000 ffffffff 00cf9300 DPL=0 DS   [-WA]
FS =0030 0000000000000000 ffffffff 00cf9300 DPL=0 DS   [-WA]
GS =0030 0000000000000000 ffffffff 00cf9300 DPL=0 DS   [-WA]
LDT=0000 0000000000000000 0000ffff 00008200 DPL=0 LDT
TR =0000 0000000000000000 0000ffff 00008b00 DPL=0 TSS64-busy
GDT=     000000003f5dc000 00000047
IDT=     000000003f241018 00000fff
CR0=80000033 CR2=0000000000000000 CR3=000000003f801000 CR4=00000668
DR0=0000000000000000 DR1=0000000000000000 DR2=0000000000000000 DR3=0000000000000000 
DR6=00000000ffff0ff0 DR7=0000000000000400
CCS=0000000000000091 CCD=fffffffffffffff2 CCO=EFLAGS
EFER=0000000000000d00
Servicing hardware INT=0x20
     4: v=20 e=0000 i=0 cpl=0 IP=0038:000000003ff0aa66 pc=000000003ff0aa66 SP=0030:000000003fefa278 env->regs[R_EAX]=000000003ff0aa66
RAX=000000003ff0aa66 RBX=000000003f4e7a78 RCX=0000000000000010 RDX=000000003f261018
RSI=0000000000000158 RDI=0000000000000000 RBP=000000003fefa300 RSP=000000003fefa278
R8 =000000000000001f R9 =000000003f4e7920 R10=000000003ee1f804 R11=8000000000000009
R12=0000000000000005 R13=0000000000000128 R14=000000003fefa3c8 R15=000fffffc0000000
RIP=000000003ff0aa66 RFL=00000202 [-------] CPL=0 II=0 A20=1 SMM=0 HLT=0
ES =0030 0000000000000000 ffffffff 00cf9300 DPL=0 DS   [-WA]
CS =0038 0000000000000000 ffffffff 00af9a00 DPL=0 CS64 [-R-]
SS =0030 0000000000000000 ffffffff 00cf9300 DPL=0 DS   [-WA]
DS =0030 0000000000000000 ffffffff 00cf9300 DPL=0 DS   [-WA]
FS =0030 0000000000000000 ffffffff 00cf9300 DPL=0 DS   [-WA]
GS =0030 0000000000000000 ffffffff 00cf9300 DPL=0 DS   [-WA]
LDT=0000 0000000000000000 0000ffff 00008200 DPL=0 LDT
TR =0000 0000000000000000 0000ffff 00008b00 DPL=0 TSS64-busy
GDT=     000000003f5dc000 00000047
IDT=     000000003f241018 00000fff
CR0=80000033 CR2=0000000000000000 CR3=000000003f801000 CR4=00000668
DR0=0000000000000000 DR1=0000000000000000 DR2=0000000000000000 DR3=0000000000000000 
DR6=00000000ffff0ff0 DR7=0000000000000400
CCS=0000000000000000 CCD=000000003fefa280 CCO=EFLAGS
EFER=0000000000000d00
Servicing hardware INT=0x20
     5: v=20 e=0000 i=0 cpl=0 IP=0038:000000003ff0aa66 pc=000000003ff0aa66 SP=0030:000000003fefa278 env->regs[R_EAX]=000000003ff0aa66
RAX=000000003ff0aa66 RBX=000000003f4e7a78 RCX=0000000000000010 RDX=000000003f261018
RSI=0000000000000158 RDI=0000000000000000 RBP=000000003fefa300 RSP=000000003fefa278
R8 =000000000000001f R9 =000000003f4e7920 R10=000000003ee1f804 R11=8000000000000009
R12=0000000000000005 R13=000000000000012f R14=000000003fefa3c8 R15=000fffffc0000000
RIP=000000003ff0aa66 RFL=00000202 [-------] CPL=0 II=0 A20=1 SMM=0 HLT=0
ES =0030 0000000000000000 ffffffff 00cf9300 DPL=0 DS   [-WA]
CS =0038 0000000000000000 ffffffff 00af9a00 DPL=0 CS64 [-R-]
SS =0030 0000000000000000 ffffffff 00cf9300 DPL=0 DS   [-WA]
DS =0030 0000000000000000 ffffffff 00cf9300 DPL=0 DS   [-WA]
FS =0030 0000000000000000 ffffffff 00cf9300 DPL=0 DS   [-WA]
GS =0030 0000000000000000 ffffffff 00cf9300 DPL=0 DS   [-WA]
LDT=0000 0000000000000000 0000ffff 00008200 DPL=0 LDT
TR =0000 0000000000000000 0000ffff 00008b00 DPL=0 TSS64-busy
GDT=     000000003f5dc000 00000047
IDT=     000000003f241018 00000fff
CR0=80000033 CR2=0000000000000000 CR3=000000003f801000 CR4=00000668
DR0=0000000000000000 DR1=0000000000000000 DR2=0000000000000000 DR3=0000000000000000 
DR6=00000000ffff0ff0 DR7=0000000000000400
CCS=0000000000000000 CCD=000000003fefa280 CCO=EFLAGS
EFER=0000000000000d00
Servicing hardware INT=0x20
     6: v=20 e=0000 i=0 cpl=0 IP=0038:000000003ee11266 pc=000000003ee11266 SP=0030:000000003fefa1b8 env->regs[R_EAX]=000000003ee1fae0
RAX=000000003ee1fae0 RBX=0000000000000010 RCX=000000003ee1fae0 RDX=000000003f261018
RSI=0000000000000160 RDI=0000000000000001 RBP=000000003fefa1f0 RSP=000000003fefa1b8
R8 =000000000000001f R9 =000000003f4e7920 R10=000000003ee1f804 R11=8000000000000009
R12=0000000000000007 R13=0000000000000139 R14=000000003fefa3c8 R15=000fffffc0000000
RIP=000000003ee11266 RFL=00000206 [-----P-] CPL=0 II=0 A20=1 SMM=0 HLT=0
ES =0030 0000000000000000 ffffffff 00cf9300 DPL=0 DS   [-WA]
CS =0038 0000000000000000 ffffffff 00af9a00 DPL=0 CS64 [-R-]
SS =0030 0000000000000000 ffffffff 00cf9300 DPL=0 DS   [-WA]
DS =0030 0000000000000000 ffffffff 00cf9300 DPL=0 DS   [-WA]
FS =0030 0000000000000000 ffffffff 00cf9300 DPL=0 DS   [-WA]
GS =0030 0000000000000000 ffffffff 00cf9300 DPL=0 DS   [-WA]
LDT=0000 0000000000000000 0000ffff 00008200 DPL=0 LDT
TR =0000 0000000000000000 0000ffff 00008b00 DPL=0 TSS64-busy
GDT=     000000003f5dc000 00000047
IDT=     000000003f241018 00000fff
CR0=80000033 CR2=0000000000000000 CR3=000000003f801000 CR4=00000668
DR0=0000000000000000 DR1=0000000000000000 DR2=0000000000000000 DR3=0000000000000000 
DR6=00000000ffff0ff0 DR7=0000000000000400
CCS=0000000000000004 CCD=000000003fefa1c0 CCO=EFLAGS
EFER=0000000000000d00
Servicing hardware INT=0x20
     7: v=20 e=0000 i=0 cpl=0 IP=0038:000000003f25cd33 pc=000000003f25cd33 SP=0030:000000003fefa280 env->regs[R_EAX]=0000000000000010
RAX=0000000000000010 RBX=000000003fefa3c4 RCX=0000000000000010 RDX=0000000000000000
RSI=0000000000000008 RDI=0000000000000007 RBP=000000003fefa300 RSP=000000003fefa280
R8 =000000000000001f R9 =000000003f4e7920 R10=000000003ee1f804 R11=8000000000000009
R12=0000000000000007 R13=000000000000013f R14=000000003fefa3c8 R15=000fffffc0000000
RIP=000000003f25cd33 RFL=00000293 [--S-A-C] CPL=0 II=0 A20=1 SMM=0 HLT=0
ES =0030 0000000000000000 ffffffff 00cf9300 DPL=0 DS   [-WA]
CS =0038 0000000000000000 ffffffff 00af9a00 DPL=0 CS64 [-R-]
SS =0030 0000000000000000 ffffffff 00cf9300 DPL=0 DS   [-WA]
DS =0030 0000000000000000 ffffffff 00cf9300 DPL=0 DS   [-WA]
FS =0030 0000000000000000 ffffffff 00cf9300 DPL=0 DS   [-WA]
GS =0030 0000000000000000 ffffffff 00cf9300 DPL=0 DS   [-WA]
LDT=0000 0000000000000000 0000ffff 00008200 DPL=0 LDT
TR =0000 0000000000000000 0000ffff 00008b00 DPL=0 TSS64-busy
GDT=     000000003f5dc000 00000047
IDT=     000000003f241018 00000fff
CR0=80000033 CR2=0000000000000000 CR3=000000003f801000 CR4=00000668
DR0=0000000000000000 DR1=0000000000000000 DR2=0000000000000000 DR3=0000000000000000 
DR6=00000000ffff0ff0 DR7=0000000000000400
CCS=0000000000000091 CCD=fffffffffffffff2 CCO=EFLAGS
EFER=0000000000000d00
Servicing hardware INT=0x20
     8: v=20 e=0000 i=0 cpl=0 IP=0038:000000003ee11266 pc=000000003ee11266 SP=0030:000000003fefa1b8 env->regs[R_EAX]=000000003ee1fae0
RAX=000000003ee1fae0 RBX=0000000000000010 RCX=000000003ee1fae0 RDX=000000003f261018
RSI=0000000000000158 RDI=0000000000000001 RBP=000000003fefa1f0 RSP=000000003fefa1b8
R8 =000000000000001f R9 =000000003f4e7920 R10=000000003ee1f804 R11=8000000000000009
R12=0000000000000005 R13=000000000000014a R14=000000003fefa3c8 R15=000fffffc0000000
RIP=000000003ee11266 RFL=00000206 [-----P-] CPL=0 II=0 A20=1 SMM=0 HLT=0
ES =0030 0000000000000000 ffffffff 00cf9300 DPL=0 DS   [-WA]
CS =0038 0000000000000000 ffffffff 00af9a00 DPL=0 CS64 [-R-]
SS =0030 0000000000000000 ffffffff 00cf9300 DPL=0 DS   [-WA]
DS =0030 0000000000000000 ffffffff 00cf9300 DPL=0 DS   [-WA]
FS =0030 0000000000000000 ffffffff 00cf9300 DPL=0 DS   [-WA]
GS =0030 0000000000000000 ffffffff 00cf9300 DPL=0 DS   [-WA]
LDT=0000 0000000000000000 0000ffff 00008200 DPL=0 LDT
TR =0000 0000000000000000 0000ffff 00008b00 DPL=0 TSS64-busy
GDT=     000000003f5dc000 00000047
IDT=     000000003f241018 00000fff
CR0=80000033 CR2=0000000000000000 CR3=000000003f801000 CR4=00000668
DR0=0000000000000000 DR1=0000000000000000 DR2=0000000000000000 DR3=0000000000000000 
DR6=00000000ffff0ff0 DR7=0000000000000400
CCS=0000000000000004 CCD=000000003fefa1c0 CCO=EFLAGS
EFER=0000000000000d00
Servicing hardware INT=0x20
     9: v=20 e=0000 i=0 cpl=0 IP=0038:000000003f25cd33 pc=000000003f25cd33 SP=0030:000000003fefa280 env->regs[R_EAX]=0000000000000010
RAX=0000000000000010 RBX=000000003fefa3c4 RCX=0000000000000010 RDX=000000003fefa3c4
RSI=0000000000000008 RDI=0000000000000005 RBP=000000003fefa300 RSP=000000003fefa280
R8 =000000000000001f R9 =000000003f4e7920 R10=000000003ee1f804 R11=8000000000000009
R12=0000000000000005 R13=0000000000000151 R14=000000003fefa3c8 R15=000fffffc0000000
RIP=000000003f25cd33 RFL=00000293 [--S-A-C] CPL=0 II=0 A20=1 SMM=0 HLT=0
ES =0030 0000000000000000 ffffffff 00cf9300 DPL=0 DS   [-WA]
CS =0038 0000000000000000 ffffffff 00af9a00 DPL=0 CS64 [-R-]
SS =0030 0000000000000000 ffffffff 00cf9300 DPL=0 DS   [-WA]
DS =0030 0000000000000000 ffffffff 00cf9300 DPL=0 DS   [-WA]
FS =0030 0000000000000000 ffffffff 00cf9300 DPL=0 DS   [-WA]
GS =0030 0000000000000000 ffffffff 00cf9300 DPL=0 DS   [-WA]
LDT=0000 0000000000000000 0000ffff 00008200 DPL=0 LDT
TR =0000 0000000000000000 0000ffff 00008b00 DPL=0 TSS64-busy
GDT=     000000003f5dc000 00000047
IDT=     000000003f241018 00000fff
CR0=80000033 CR2=0000000000000000 CR3=000000003f801000 CR4=00000668
DR0=0000000000000000 DR1=0000000000000000 DR2=0000000000000000 DR3=0000000000000000 
DR6=00000000ffff0ff0 DR7=0000000000000400
CCS=0000000000000091 CCD=fffffffffffffff2 CCO=EFLAGS
EFER=0000000000000d00
Servicing hardware INT=0x20
    10: v=20 e=0000 i=0 cpl=0 IP=0038:000000003ff0aa66 pc=000000003ff0aa66 SP=0030:000000003fefa278 env->regs[R_EAX]=000000003ff0aa66
RAX=000000003ff0aa66 RBX=000000003f4e7a80 RCX=0000000000000010 RDX=000000003f261018
RSI=0000000000000160 RDI=0000000000000000 RBP=000000003fefa300 RSP=000000003fefa278
R8 =000000000000001f R9 =000000003f4e7920 R10=000000003ee1f804 R11=8000000000000009
R12=0000000000000007 R13=0000000000000159 R14=000000003fefa3c8 R15=000fffffc0000000
RIP=000000003ff0aa66 RFL=00000202 [-------] CPL=0 II=0 A20=1 SMM=0 HLT=0
ES =0030 0000000000000000 ffffffff 00cf9300 DPL=0 DS   [-WA]
CS =0038 0000000000000000 ffffffff 00af9a00 DPL=0 CS64 [-R-]
SS =0030 0000000000000000 ffffffff 00cf9300 DPL=0 DS   [-WA]
DS =0030 0000000000000000 ffffffff 00cf9300 DPL=0 DS   [-WA]
FS =0030 0000000000000000 ffffffff 00cf9300 DPL=0 DS   [-WA]
GS =0030 0000000000000000 ffffffff 00cf9300 DPL=0 DS   [-WA]
LDT=0000 0000000000000000 0000ffff 00008200 DPL=0 LDT
TR =0000 0000000000000000 0000ffff 00008b00 DPL=0 TSS64-busy
GDT=     000000003f5dc000 00000047
IDT=     000000003f241018 00000fff
CR0=80000033 CR2=0000000000000000 CR3=000000003f801000 CR4=00000668
DR0=0000000000000000 DR1=0000000000000000 DR2=0000000000000000 DR3=0000000000000000 
DR6=00000000ffff0ff0 DR7=0000000000000400
CCS=0000000000000000 CCD=000000003fefa280 CCO=EFLAGS
EFER=0000000000000d00
Servicing hardware INT=0x20
    11: v=20 e=0000 i=0 cpl=0 IP=0038:000000003f25cd33 pc=000000003f25cd33 SP=0030:000000003fefa280 env->regs[R_EAX]=0000000000000010
RAX=0000000000000010 RBX=000000003fefa3c4 RCX=0000000000000010 RDX=0000000000000000
RSI=0000000000000008 RDI=0000000000000007 RBP=000000003fefa300 RSP=000000003fefa280
R8 =000000000000001f R9 =000000003f4e7920 R10=000000003ee1f804 R11=8000000000000009
R12=0000000000000007 R13=0000000000000164 R14=000000003fefa3c8 R15=000fffffc0000000
RIP=000000003f25cd33 RFL=00000293 [--S-A-C] CPL=0 II=0 A20=1 SMM=0 HLT=0
ES =0030 0000000000000000 ffffffff 00cf9300 DPL=0 DS   [-WA]
CS =0038 0000000000000000 ffffffff 00af9a00 DPL=0 CS64 [-R-]
SS =0030 0000000000000000 ffffffff 00cf9300 DPL=0 DS   [-WA]
DS =0030 0000000000000000 ffffffff 00cf9300 DPL=0 DS   [-WA]
FS =0030 0000000000000000 ffffffff 00cf9300 DPL=0 DS   [-WA]
GS =0030 0000000000000000 ffffffff 00cf9300 DPL=0 DS   [-WA]
LDT=0000 0000000000000000 0000ffff 00008200 DPL=0 LDT
TR =0000 0000000000000000 0000ffff 00008b00 DPL=0 TSS64-busy
GDT=     000000003f5dc000 00000047
IDT=     000000003f241018 00000fff
CR0=80000033 CR2=0000000000000000 CR3=000000003f801000 CR4=00000668
DR0=0000000000000000 DR1=0000000000000000 DR2=0000000000000000 DR3=0000000000000000 
DR6=00000000ffff0ff0 DR7=0000000000000400
CCS=0000000000000091 CCD=fffffffffffffff2 CCO=EFLAGS
EFER=0000000000000d00
Servicing hardware INT=0x20
    12: v=20 e=0000 i=0 cpl=0 IP=0038:000000003ff0aa66 pc=000000003ff0aa66 SP=0030:000000003fefa278 env->regs[R_EAX]=000000003ff0aa66
RAX=000000003ff0aa66 RBX=000000003f4e7a78 RCX=0000000000000010 RDX=000000003f261018
RSI=0000000000000158 RDI=0000000000000000 RBP=000000003fefa300 RSP=000000003fefa278
R8 =000000000000001f R9 =000000003f4e7920 R10=000000003ee1f804 R11=8000000000000009
R12=0000000000000005 R13=000000000000016b R14=000000003fefa3c8 R15=000fffffc0000000
RIP=000000003ff0aa66 RFL=00000202 [-------] CPL=0 II=0 A20=1 SMM=0 HLT=0
ES =0030 0000000000000000 ffffffff 00cf9300 DPL=0 DS   [-WA]
CS =0038 0000000000000000 ffffffff 00af9a00 DPL=0 CS64 [-R-]
SS =0030 0000000000000000 ffffffff 00cf9300 DPL=0 DS   [-WA]
DS =0030 0000000000000000 ffffffff 00cf9300 DPL=0 DS   [-WA]
FS =0030 0000000000000000 ffffffff 00cf9300 DPL=0 DS   [-WA]
GS =0030 0000000000000000 ffffffff 00cf9300 DPL=0 DS   [-WA]
LDT=0000 0000000000000000 0000ffff 00008200 DPL=0 LDT
TR =0000 0000000000000000 0000ffff 00008b00 DPL=0 TSS64-busy
GDT=     000000003f5dc000 00000047
IDT=     000000003f241018 00000fff
CR0=80000033 CR2=0000000000000000 CR3=000000003f801000 CR4=00000668
DR0=0000000000000000 DR1=0000000000000000 DR2=0000000000000000 DR3=0000000000000000 
DR6=00000000ffff0ff0 DR7=0000000000000400
CCS=0000000000000000 CCD=000000003fefa280 CCO=EFLAGS
EFER=0000000000000d00
Servicing hardware INT=0x20
    13: v=20 e=0000 i=0 cpl=0 IP=0038:000000003ff0aa66 pc=000000003ff0aa66 SP=0030:000000003fefa278 env->regs[R_EAX]=000000003ff0aa66
RAX=000000003ff0aa66 RBX=000000003f4e7a80 RCX=0000000000000010 RDX=000000003f261018
RSI=0000000000000160 RDI=0000000000000000 RBP=000000003fefa300 RSP=000000003fefa278
R8 =000000000000001f R9 =000000003f4e7920 R10=000000003ee1f804 R11=8000000000000009
R12=0000000000000007 R13=0000000000000174 R14=000000003fefa3c8 R15=000fffffc0000000
RIP=000000003ff0aa66 RFL=00000202 [-------] CPL=0 II=0 A20=1 SMM=0 HLT=0
ES =0030 0000000000000000 ffffffff 00cf9300 DPL=0 DS   [-WA]
CS =0038 0000000000000000 ffffffff 00af9a00 DPL=0 CS64 [-R-]
SS =0030 0000000000000000 ffffffff 00cf9300 DPL=0 DS   [-WA]
DS =0030 0000000000000000 ffffffff 00cf9300 DPL=0 DS   [-WA]
FS =0030 0000000000000000 ffffffff 00cf9300 DPL=0 DS   [-WA]
GS =0030 0000000000000000 ffffffff 00cf9300 DPL=0 DS   [-WA]
LDT=0000 0000000000000000 0000ffff 00008200 DPL=0 LDT
TR =0000 0000000000000000 0000ffff 00008b00 DPL=0 TSS64-busy
GDT=     000000003f5dc000 00000047
IDT=     000000003f241018 00000fff
CR0=80000033 CR2=0000000000000000 CR3=000000003f801000 CR4=00000668
DR0=0000000000000000 DR1=0000000000000000 DR2=0000000000000000 DR3=0000000000000000 
DR6=00000000ffff0ff0 DR7=0000000000000400
CCS=0000000000000000 CCD=000000003fefa280 CCO=EFLAGS
EFER=0000000000000d00
Servicing hardware INT=0x20
    14: v=20 e=0000 i=0 cpl=0 IP=0038:000000003f25cd33 pc=000000003f25cd33 SP=0030:000000003fefa280 env->regs[R_EAX]=0000000000000010
RAX=0000000000000010 RBX=000000003fefa3c4 RCX=0000000000000010 RDX=0000000000000000
RSI=0000000000000008 RDI=0000000000000007 RBP=000000003fefa300 RSP=000000003fefa280
R8 =000000000000001f R9 =000000003f4e7920 R10=000000003ee1f804 R11=8000000000000009
R12=0000000000000007 R13=000000000000017e R14=000000003fefa3c8 R15=000fffffc0000000
RIP=000000003f25cd33 RFL=00000293 [--S-A-C] CPL=0 II=0 A20=1 SMM=0 HLT=0
ES =0030 0000000000000000 ffffffff 00cf9300 DPL=0 DS   [-WA]
CS =0038 0000000000000000 ffffffff 00af9a00 DPL=0 CS64 [-R-]
SS =0030 0000000000000000 ffffffff 00cf9300 DPL=0 DS   [-WA]
DS =0030 0000000000000000 ffffffff 00cf9300 DPL=0 DS   [-WA]
FS =0030 0000000000000000 ffffffff 00cf9300 DPL=0 DS   [-WA]
GS =0030 0000000000000000 ffffffff 00cf9300 DPL=0 DS   [-WA]
LDT=0000 0000000000000000 0000ffff 00008200 DPL=0 LDT
TR =0000 0000000000000000 0000ffff 00008b00 DPL=0 TSS64-busy
GDT=     000000003f5dc000 00000047
IDT=     000000003f241018 00000fff
CR0=80000033 CR2=0000000000000000 CR3=000000003f801000 CR4=00000668
DR0=0000000000000000 DR1=0000000000000000 DR2=0000000000000000 DR3=0000000000000000 
DR6=00000000ffff0ff0 DR7=0000000000000400
CCS=0000000000000091 CCD=fffffffffffffff2 CCO=EFLAGS
EFER=0000000000000d00
Servicing hardware INT=0x20
    15: v=20 e=0000 i=0 cpl=0 IP=0038:000000003ff0aa66 pc=000000003ff0aa66 SP=0030:000000003fefaa28 env->regs[R_EAX]=000000003ff0aa66
RAX=000000003ff0aa66 RBX=000000003f4e7a88 RCX=0000000000000004 RDX=000000003f261018
RSI=0000000000000168 RDI=0000000000000000 RBP=000000003fefaab0 RSP=000000003fefaa28
R8 =000000000000001f R9 =000000003f4e7920 R10=11d493d77739f24c R11=000000003f4e29c0
R12=0000000000000008 R13=000000003fefab40 R14=000000003ff14400 R15=000000003ff126c0
RIP=000000003ff0aa66 RFL=00000206 [-----P-] CPL=0 II=0 A20=1 SMM=0 HLT=0
ES =0030 0000000000000000 ffffffff 00cf9300 DPL=0 DS   [-WA]
CS =0038 0000000000000000 ffffffff 00af9a00 DPL=0 CS64 [-R-]
SS =0030 0000000000000000 ffffffff 00cf9300 DPL=0 DS   [-WA]
DS =0030 0000000000000000 ffffffff 00cf9300 DPL=0 DS   [-WA]
FS =0030 0000000000000000 ffffffff 00cf9300 DPL=0 DS   [-WA]
GS =0030 0000000000000000 ffffffff 00cf9300 DPL=0 DS   [-WA]
LDT=0000 0000000000000000 0000ffff 00008200 DPL=0 LDT
TR =0000 0000000000000000 0000ffff 00008b00 DPL=0 TSS64-busy
GDT=     000000003f5dc000 00000047
IDT=     000000003f241018 00000fff
CR0=80010033 CR2=0000000000000000 CR3=000000003f801000 CR4=00000668
DR0=0000000000000000 DR1=0000000000000000 DR2=0000000000000000 DR3=0000000000000000 
DR6=00000000ffff0ff0 DR7=0000000000000400
CCS=0000000000000004 CCD=000000003fefaa30 CCO=EFLAGS
EFER=0000000000000d00
Servicing hardware INT=0x20
    16: v=20 e=0000 i=0 cpl=0 IP=0038:000000003fefb605 pc=000000003fefb605 SP=0030:000000003fefab88 env->regs[R_EAX]=000000003ff146a0
RAX=000000003ff146a0 RBX=000000003ff14a40 RCX=0000000000000180 RDX=000000003ff11ef0
RSI=0000000000000000 RDI=0000000000001000 RBP=000000003fefabe0 RSP=000000003fefab88
R8 =000000003fefacc8 R9 =0000000000000100 R10=000000003ff14a68 R11=000000003ff11ef0
R12=0000000000000130 R13=0000000000000002 R14=0000000000000108 R15=000000003ff126c0
RIP=000000003fefb605 RFL=00000202 [-------] CPL=0 II=0 A20=1 SMM=0 HLT=0
ES =0030 0000000000000000 ffffffff 00cf9300 DPL=0 DS   [-WA]
CS =0038 0000000000000000 ffffffff 00af9a00 DPL=0 CS64 [-R-]
SS =0030 0000000000000000 ffffffff 00cf9300 DPL=0 DS   [-WA]
DS =0030 0000000000000000 ffffffff 00cf9300 DPL=0 DS   [-WA]
FS =0030 0000000000000000 ffffffff 00cf9300 DPL=0 DS   [-WA]
GS =0030 0000000000000000 ffffffff 00cf9300 DPL=0 DS   [-WA]
LDT=0000 0000000000000000 0000ffff 00008200 DPL=0 LDT
TR =0000 0000000000000000 0000ffff 00008b00 DPL=0 TSS64-busy
GDT=     000000003f5dc000 00000047
IDT=     000000003f241018 00000fff
CR0=80010033 CR2=0000000000000000 CR3=000000003f801000 CR4=00000668
DR0=0000000000000000 DR1=0000000000000000 DR2=0000000000000000 DR3=0000000000000000 
DR6=00000000ffff0ff0 DR7=0000000000000400
CCS=0000000000000000 CCD=000000003ff14a40 CCO=EFLAGS
EFER=0000000000000d00
Servicing hardware INT=0x20
    17: v=20 e=0000 i=0 cpl=0 IP=0038:000000003eb3f69d pc=000000003eb3f69d SP=0030:000000003fefacf8 env->regs[R_EAX]=000000003eb62418
RAX=000000003eb62418 RBX=0000000000000000 RCX=000000003eb62898 RDX=000000003f5ec018
RSI=000000003ff14400 RDI=000000003eb62418 RBP=000000003fefad60 RSP=000000003fefacf8
R8 =00000000000000af R9 =0000000000000100 R10=000000003ff14a68 R11=000000003ff11ef0
R12=0000000000000000 R13=0000000000000000 R14=000000003ff14400 R15=000000003ff126c0
RIP=000000003eb3f69d RFL=00000246 [---Z-P-] CPL=0 II=0 A20=1 SMM=0 HLT=0
ES =0030 0000000000000000 ffffffff 00cf9300 DPL=0 DS   [-WA]
CS =0038 0000000000000000 ffffffff 00af9a00 DPL=0 CS64 [-R-]
SS =0030 0000000000000000 ffffffff 00cf9300 DPL=0 DS   [-WA]
DS =0030 0000000000000000 ffffffff 00cf9300 DPL=0 DS   [-WA]
FS =0030 0000000000000000 ffffffff 00cf9300 DPL=0 DS   [-WA]
GS =0030 0000000000000000 ffffffff 00cf9300 DPL=0 DS   [-WA]
LDT=0000 0000000000000000 0000ffff 00008200 DPL=0 LDT
TR =0000 0000000000000000 0000ffff 00008b00 DPL=0 TSS64-busy
GDT=     000000003f5dc000 00000047
IDT=     000000003f241018 00000fff
CR0=80010033 CR2=0000000000000000 CR3=000000003f801000 CR4=00000668
DR0=0000000000000000 DR1=0000000000000000 DR2=0000000000000000 DR3=0000000000000000 
DR6=00000000ffff0ff0 DR7=0000000000000400
CCS=0000000000000044 CCD=0000000000000000 CCO=EFLAGS
EFER=0000000000000d00
Servicing hardware INT=0x20
    18: v=20 e=0000 i=0 cpl=0 IP=0038:000000003ff109d8 pc=000000003ff109d8 SP=0030:000000003fefaa58 env->regs[R_EAX]=000000003eabb018
RAX=000000003eabb018 RBX=0000000000005ec0 RCX=0000000000000000 RDX=000000003f353034
RSI=000000003f358ef4 RDI=000000003eac0ed8 RBP=000000003fefab40 RSP=000000003fefaa58
R8 =0000000000000000 R9 =000000003f358ef3 R10=000000003f353030 R11=000000003f359e18
R12=000000003f4e3530 R13=000000003fefac38 R14=000000003fefac08 R15=000000003f353034
RIP=000000003ff109d8 RFL=00000206 [-----P-] CPL=0 II=0 A20=1 SMM=0 HLT=0
ES =0030 0000000000000000 ffffffff 00cf9300 DPL=0 DS   [-WA]
CS =0038 0000000000000000 ffffffff 00af9a00 DPL=0 CS64 [-R-]
SS =0030 0000000000000000 ffffffff 00cf9300 DPL=0 DS   [-WA]
DS =0030 0000000000000000 ffffffff 00cf9300 DPL=0 DS   [-WA]
FS =0030 0000000000000000 ffffffff 00cf9300 DPL=0 DS   [-WA]
GS =0030 0000000000000000 ffffffff 00cf9300 DPL=0 DS   [-WA]
LDT=0000 0000000000000000 0000ffff 00008200 DPL=0 LDT
TR =0000 0000000000000000 0000ffff 00008b00 DPL=0 TSS64-busy
GDT=     000000003f5dc000 00000047
IDT=     000000003f241018 00000fff
CR0=80010033 CR2=0000000000000000 CR3=000000003f801000 CR4=00000668
DR0=0000000000000000 DR1=0000000000000000 DR2=0000000000000000 DR3=0000000000000000 
DR6=00000000ffff0ff0 DR7=0000000000000400
CCS=0000000000000004 CCD=0000000000000bd8 CCO=EFLAGS
EFER=0000000000000d00
Servicing hardware INT=0x20
    19: v=20 e=0000 i=0 cpl=0 IP=0038:000000003e9f5d50 pc=000000003e9f5d50 SP=0030:000000003fefab40 env->regs[R_EAX]=000000000000001b
RAX=000000000000001b RBX=0000000000000001 RCX=000000003fefab58 RDX=000000003fefabf0
RSI=0000000000000054 RDI=0000000000000000 RBP=000000003fefacf0 RSP=000000003fefab40
R8 =0000000000000002 R9 =0000000000000001 R10=0000000000000002 R11=0000000000000000
R12=000000003fefabf0 R13=000000003fefac30 R14=000000003e9f850f R15=0000000000000000
RIP=000000003e9f5d50 RFL=00000206 [-----P-] CPL=0 II=0 A20=1 SMM=0 HLT=0
ES =0030 0000000000000000 ffffffff 00cf9300 DPL=0 DS   [-WA]
CS =0038 0000000000000000 ffffffff 00af9a00 DPL=0 CS64 [-R-]
SS =0030 0000000000000000 ffffffff 00cf9300 DPL=0 DS   [-WA]
DS =0030 0000000000000000 ffffffff 00cf9300 DPL=0 DS   [-WA]
FS =0030 0000000000000000 ffffffff 00cf9300 DPL=0 DS   [-WA]
GS =0030 0000000000000000 ffffffff 00cf9300 DPL=0 DS   [-WA]
LDT=0000 0000000000000000 0000ffff 00008200 DPL=0 LDT
TR =0000 0000000000000000 0000ffff 00008b00 DPL=0 TSS64-busy
GDT=     000000003f5dc000 00000047
IDT=     000000003f241018 00000fff
CR0=80010033 CR2=0000000000000000 CR3=000000003f801000 CR4=00000668
DR0=0000000000000000 DR1=0000000000000000 DR2=0000000000000000 DR3=0000000000000000 
DR6=00000000ffff0ff0 DR7=0000000000000400
CCS=0000000000000004 CCD=0000000000000036 CCO=EFLAGS
EFER=0000000000000d00
Servicing hardware INT=0x20
    20: v=20 e=0000 i=0 cpl=0 IP=0038:000000003ff1099c pc=000000003ff1099c SP=0030:000000003fefa810 env->regs[R_EAX]=00000000000000af
RAX=00000000000000af RBX=000000003ea62018 RCX=0000000000000000 RDX=000000003ea62018
RSI=000000003ea65000 RDI=000000003ea64840 RBP=000000003fefa890 RSP=000000003fefa810
R8 =00000000000000af R9 =0000000000003000 R10=000000003eaa4f98 R11=000000003eaa4f98
R12=0000000000002850 R13=0000000000000009 R14=0000000000000003 R15=000000003eaa2060
RIP=000000003ff1099c RFL=00000206 [-----P-] CPL=0 II=0 A20=1 SMM=0 HLT=0
ES =0030 0000000000000000 ffffffff 00cf9300 DPL=0 DS   [-WA]
CS =0038 0000000000000000 ffffffff 00af9a00 DPL=0 CS64 [-R-]
SS =0030 0000000000000000 ffffffff 00cf9300 DPL=0 DS   [-WA]
DS =0030 0000000000000000 ffffffff 00cf9300 DPL=0 DS   [-WA]
FS =0030 0000000000000000 ffffffff 00cf9300 DPL=0 DS   [-WA]
GS =0030 0000000000000000 ffffffff 00cf9300 DPL=0 DS   [-WA]
LDT=0000 0000000000000000 0000ffff 00008200 DPL=0 LDT
TR =0000 0000000000000000 0000ffff 00008b00 DPL=0 TSS64-busy
GDT=     000000003f5dc000 00000047
IDT=     000000003f241018 00000fff
CR0=80010033 CR2=0000000000000000 CR3=000000003f801000 CR4=00000668
DR0=0000000000000000 DR1=0000000000000000 DR2=0000000000000000 DR3=0000000000000000 
DR6=00000000ffff0ff0 DR7=0000000000000400
CCS=0000000000000004 CCD=0000000000002828 CCO=EFLAGS
EFER=0000000000000d00
Servicing hardware INT=0x20
    21: v=20 e=0000 i=0 cpl=0 IP=0038:000000003ff1099c pc=000000003ff1099c SP=0030:000000003fefa810 env->regs[R_EAX]=00000000000000af
RAX=00000000000000af RBX=000000003ea88018 RCX=0000000000000000 RDX=000000003ea88018
RSI=000000003ea8a000 RDI=000000003ea89b78 RBP=000000003fefa890 RSP=000000003fefa810
R8 =00000000000000af R9 =0000000000002000 R10=000000003eaa4f98 R11=000000003eaa4f98
R12=0000000000001b88 R13=0000000000000009 R14=0000000000000002 R15=000000003eaa2eb0
RIP=000000003ff1099c RFL=00000206 [-----P-] CPL=0 II=0 A20=1 SMM=0 HLT=0
ES =0030 0000000000000000 ffffffff 00cf9300 DPL=0 DS   [-WA]
CS =0038 0000000000000000 ffffffff 00af9a00 DPL=0 CS64 [-R-]
SS =0030 0000000000000000 ffffffff 00cf9300 DPL=0 DS   [-WA]
DS =0030 0000000000000000 ffffffff 00cf9300 DPL=0 DS   [-WA]
FS =0030 0000000000000000 ffffffff 00cf9300 DPL=0 DS   [-WA]
GS =0030 0000000000000000 ffffffff 00cf9300 DPL=0 DS   [-WA]
LDT=0000 0000000000000000 0000ffff 00008200 DPL=0 LDT
TR =0000 0000000000000000 0000ffff 00008b00 DPL=0 TSS64-busy
GDT=     000000003f5dc000 00000047
IDT=     000000003f241018 00000fff
CR0=80010033 CR2=0000000000000000 CR3=000000003f801000 CR4=00000668
DR0=0000000000000000 DR1=0000000000000000 DR2=0000000000000000 DR3=0000000000000000 
DR6=00000000ffff0ff0 DR7=0000000000000400
CCS=0000000000000004 CCD=0000000000001b60 CCO=EFLAGS
EFER=0000000000000d00
Servicing hardware INT=0x20
    22: v=20 e=0000 i=0 cpl=0 IP=0038:000000003eb4f578 pc=000000003eb4f578 SP=0030:000000003fefa980 env->regs[R_EAX]=0000000000000000
RAX=0000000000000000 RBX=0000000000000000 RCX=000000003fefaaf8 RDX=0000000000000000
RSI=000000003fefaaf8 RDI=0000000000000000 RBP=000000003fefa9c0 RSP=000000003fefa980
R8 =0000000000000000 R9 =000000003f5be900 R10=0000000000000001 R11=000000003ea5ce18
R12=0000000000000000 R13=000000003fefaaf8 R14=000000003fefaae0 R15=0000000000000000
RIP=000000003eb4f578 RFL=00000246 [---Z-P-] CPL=0 II=0 A20=1 SMM=0 HLT=0
ES =0030 0000000000000000 ffffffff 00cf9300 DPL=0 DS   [-WA]
CS =0038 0000000000000000 ffffffff 00af9a00 DPL=0 CS64 [-R-]
SS =0030 0000000000000000 ffffffff 00cf9300 DPL=0 DS   [-WA]
DS =0030 0000000000000000 ffffffff 00cf9300 DPL=0 DS   [-WA]
FS =0030 0000000000000000 ffffffff 00cf9300 DPL=0 DS   [-WA]
GS =0030 0000000000000000 ffffffff 00cf9300 DPL=0 DS   [-WA]
LDT=0000 0000000000000000 0000ffff 00008200 DPL=0 LDT
TR =0000 0000000000000000 0000ffff 00008b00 DPL=0 TSS64-busy
GDT=     000000003f5dc000 00000047
IDT=     000000003f241018 00000fff
CR0=80010033 CR2=0000000000000000 CR3=000000003f801000 CR4=00000668
DR0=0000000000000000 DR1=0000000000000000 DR2=0000000000000000 DR3=0000000000000000 
DR6=00000000ffff0ff0 DR7=0000000000000400
CCS=0000000000000044 CCD=0000000000000000 CCO=EFLAGS
EFER=0000000000000d00
Servicing hardware INT=0x20
    23: v=20 e=0000 i=0 cpl=0 IP=0038:000000003ebeebd4 pc=000000003ebeebd4 SP=0030:000000003fefa4f0 env->regs[R_EAX]=00000000e0000000
RAX=00000000e0000000 RBX=00000000e0010006 RCX=0000000000010006 RDX=0000000000000001
RSI=00000000ffff0010 RDI=000000003fefa70e RBP=000000003fefa550 RSP=000000003fefa4f0
R8 =0000000000000000 R9 =000000003fefa63f R10=0000000000000001 R11=0000000000000000
R12=000000003fefa70d R13=0000000000000001 R14=0000000000000000 R15=000000003ea5f0c8
RIP=000000003ebeebd4 RFL=00000246 [---Z-P-] CPL=0 II=0 A20=1 SMM=0 HLT=0
ES =0030 0000000000000000 ffffffff 00cf9300 DPL=0 DS   [-WA]
CS =0038 0000000000000000 ffffffff 00af9a00 DPL=0 CS64 [-R-]
SS =0030 0000000000000000 ffffffff 00cf9300 DPL=0 DS   [-WA]
DS =0030 0000000000000000 ffffffff 00cf9300 DPL=0 DS   [-WA]
FS =0030 0000000000000000 ffffffff 00cf9300 DPL=0 DS   [-WA]
GS =0030 0000000000000000 ffffffff 00cf9300 DPL=0 DS   [-WA]
LDT=0000 0000000000000000 0000ffff 00008200 DPL=0 LDT
TR =0000 0000000000000000 0000ffff 00008b00 DPL=0 TSS64-busy
GDT=     000000003f5dc000 00000047
IDT=     000000003f241018 00000fff
CR0=80010033 CR2=0000000000000000 CR3=000000003f801000 CR4=00000668
DR0=0000000000000000 DR1=0000000000000000 DR2=0000000000000000 DR3=0000000000000000 
DR6=00000000ffff0ff0 DR7=0000000000000400
CCS=0000000000000044 CCD=00000000e0000000 CCO=EFLAGS
EFER=0000000000000d00
Servicing hardware INT=0x20
    24: v=20 e=0000 i=0 cpl=0 IP=0038:000000003ebd0d05 pc=000000003ebd0d05 SP=0030:000000003fefa6d0 env->regs[R_EAX]=0000000000000000
RAX=0000000000000000 RBX=000000003ea22518 RCX=0000000000000000 RDX=000000003ea01e98
RSI=0000000000000000 RDI=000000003ea01f18 RBP=000000003fefa730 RSP=000000003fefa6d0
R8 =000000003fefa6f8 R9 =0000000000000001 R10=0000000000000000 R11=000000003ff11ef0
R12=000000003ea01f18 R13=000000003ea01f98 R14=000000003ea02018 R15=0000000000000000
RIP=000000003ebd0d05 RFL=00000206 [-----P-] CPL=0 II=0 A20=1 SMM=0 HLT=0
ES =0030 0000000000000000 ffffffff 00cf9300 DPL=0 DS   [-WA]
CS =0038 0000000000000000 ffffffff 00af9a00 DPL=0 CS64 [-R-]
SS =0030 0000000000000000 ffffffff 00cf9300 DPL=0 DS   [-WA]
DS =0030 0000000000000000 ffffffff 00cf9300 DPL=0 DS   [-WA]
FS =0030 0000000000000000 ffffffff 00cf9300 DPL=0 DS   [-WA]
GS =0030 0000000000000000 ffffffff 00cf9300 DPL=0 DS   [-WA]
LDT=0000 0000000000000000 0000ffff 00008200 DPL=0 LDT
TR =0000 0000000000000000 0000ffff 00008b00 DPL=0 TSS64-busy
GDT=     000000003f5dc000 00000047
IDT=     000000003f241018 00000fff
CR0=80010033 CR2=0000000000000000 CR3=000000003f801000 CR4=00000668
DR0=0000000000000000 DR1=0000000000000000 DR2=0000000000000000 DR3=0000000000000000 
DR6=00000000ffff0ff0 DR7=0000000000000400
CCS=0000000000000004 CCD=000000003ea01f18 CCO=EFLAGS
EFER=0000000000000d00
Servicing hardware INT=0x20
    25: v=20 e=0000 i=0 cpl=0 IP=0038:000000003f243c96 pc=000000003f243c96 SP=0030:000000003fefa420 env->regs[R_EAX]=0000000000000000
RAX=0000000000000000 RBX=00000000800e7168 RCX=0000000000000002 RDX=000000003f243f08
RSI=0000000000000002 RDI=00000000000c63a6 RBP=000000003fefa490 RSP=000000003fefa420
R8 =000000003fefa54c R9 =0000000080000000 R10=00000000000fffff R11=000000000000000a
R12=000000003fefa54c R13=0000000000000000 R14=000000003ea0c400 R15=0000000000000004
RIP=000000003f243c96 RFL=00000246 [---Z-P-] CPL=0 II=0 A20=1 SMM=0 HLT=0
ES =0030 0000000000000000 ffffffff 00cf9300 DPL=0 DS   [-WA]
CS =0038 0000000000000000 ffffffff 00af9a00 DPL=0 CS64 [-R-]
SS =0030 0000000000000000 ffffffff 00cf9300 DPL=0 DS   [-WA]
DS =0030 0000000000000000 ffffffff 00cf9300 DPL=0 DS   [-WA]
FS =0030 0000000000000000 ffffffff 00cf9300 DPL=0 DS   [-WA]
GS =0030 0000000000000000 ffffffff 00cf9300 DPL=0 DS   [-WA]
LDT=0000 0000000000000000 0000ffff 00008200 DPL=0 LDT
TR =0000 0000000000000000 0000ffff 00008b00 DPL=0 TSS64-busy
GDT=     000000003f5dc000 00000047
IDT=     000000003f241018 00000fff
CR0=80010033 CR2=0000000000000000 CR3=000000003f801000 CR4=00000668
DR0=0000000000000000 DR1=0000000000000000 DR2=0000000000000000 DR3=0000000000000000 
DR6=00000000ffff0ff0 DR7=0000000000000400
CCS=0000000000000044 CCD=0000000000000000 CCO=EFLAGS
EFER=0000000000000d00
Servicing hardware INT=0x20
    26: v=20 e=0000 i=0 cpl=0 IP=0038:000000003f243c18 pc=000000003f243c18 SP=0030:000000003fefa420 env->regs[R_EAX]=0000000000000000
RAX=0000000000000000 RBX=00000000802debd0 RCX=0000000000000002 RDX=000000003f243f08
RSI=0000000000000002 RDI=000000000004850c RBP=000000003fefa490 RSP=000000003fefa420
R8 =000000003fefa54c R9 =0000000080000000 R10=00000000000fffff R11=000000000000000a
R12=000000003fefa54c R13=0000000000000000 R14=000000003ea0c400 R15=0000000000000004
RIP=000000003f243c18 RFL=00000293 [--S-A-C] CPL=0 II=0 A20=1 SMM=0 HLT=0
ES =0030 0000000000000000 ffffffff 00cf9300 DPL=0 DS   [-WA]
CS =0038 0000000000000000 ffffffff 00af9a00 DPL=0 CS64 [-R-]
SS =0030 0000000000000000 ffffffff 00cf9300 DPL=0 DS   [-WA]
DS =0030 0000000000000000 ffffffff 00cf9300 DPL=0 DS   [-WA]
FS =0030 0000000000000000 ffffffff 00cf9300 DPL=0 DS   [-WA]
GS =0030 0000000000000000 ffffffff 00cf9300 DPL=0 DS   [-WA]
LDT=0000 0000000000000000 0000ffff 00008200 DPL=0 LDT
TR =0000 0000000000000000 0000ffff 00008b00 DPL=0 TSS64-busy
GDT=     000000003f5dc000 00000047
IDT=     000000003f241018 00000fff
CR0=80010033 CR2=0000000000000000 CR3=000000003f801000 CR4=00000668
DR0=0000000000000000 DR1=0000000000000000 DR2=0000000000000000 DR3=0000000000000000 
DR6=00000000ffff0ff0 DR7=0000000000000400
CCS=0000000000000091 CCD=fffffffffffffffe CCO=EFLAGS
EFER=0000000000000d00
Servicing hardware INT=0x20
    27: v=20 e=0000 i=0 cpl=0 IP=0038:000000003ea0b5ba pc=000000003ea0b5ba SP=0030:000000003fefa4a0 env->regs[R_EAX]=0000000000000000
RAX=0000000000000000 RBX=0000000080000000 RCX=0000000000010001 RDX=0000000080000000
RSI=0000000000000004 RDI=00000000803a7ffc RBP=000000003fefa550 RSP=000000003fefa4a0
R8 =0000000000000000 R9 =0000000000000320 R10=0000000000000008 R11=00000000000000ff
R12=00000000003e8000 R13=000000003e9ff018 R14=0000000000000000 R15=0000000000000500
RIP=000000003ea0b5ba RFL=00010246 [---Z-P-] CPL=0 II=0 A20=1 SMM=0 HLT=0
ES =0030 0000000000000000 ffffffff 00cf9300 DPL=0 DS   [-WA]
CS =0038 0000000000000000 ffffffff 00af9a00 DPL=0 CS64 [-R-]
SS =0030 0000000000000000 ffffffff 00cf9300 DPL=0 DS   [-WA]
DS =0030 0000000000000000 ffffffff 00cf9300 DPL=0 DS   [-WA]
FS =0030 0000000000000000 ffffffff 00cf9300 DPL=0 DS   [-WA]
GS =0030 0000000000000000 ffffffff 00cf9300 DPL=0 DS   [-WA]
LDT=0000 0000000000000000 0000ffff 00008200 DPL=0 LDT
TR =0000 0000000000000000 0000ffff 00008b00 DPL=0 TSS64-busy
GDT=     000000003f5dc000 00000047
IDT=     000000003f241018 00000fff
CR0=80010033 CR2=0000000000000000 CR3=000000003f801000 CR4=00000668
DR0=0000000000000000 DR1=0000000000000000 DR2=0000000000000000 DR3=0000000000000000 
DR6=00000000ffff0ff0 DR7=0000000000000400
CCS=0000000000000044 CCD=0000000000000000 CCO=EFLAGS
EFER=0000000000000d00
Servicing hardware INT=0x20
    28: v=20 e=0000 i=0 cpl=0 IP=0038:000000003ff08573 pc=000000003ff08573 SP=0030:000000003fefa620 env->regs[R_EAX]=00000000000260e0
RAX=00000000000260e0 RBX=000000003e9fb018 RCX=0000000000006700 RDX=000000003e96e018
RSI=0000000085723d80 RDI=0000000000000005 RBP=000000003fefa660 RSP=000000003fefa620
R8 =000000000000677f R9 =000000000000677e R10=000000000000003f R11=0000000000000002
R12=00000000ffffffff R13=000000003e96e018 R14=0000000000000000 R15=0000000000000000
RIP=000000003ff08573 RFL=00000283 [--S---C] CPL=0 II=0 A20=1 SMM=0 HLT=0
ES =0030 0000000000000000 ffffffff 00cf9300 DPL=0 DS   [-WA]
CS =0038 0000000000000000 ffffffff 00af9a00 DPL=0 CS64 [-R-]
SS =0030 0000000000000000 ffffffff 00cf9300 DPL=0 DS   [-WA]
DS =0030 0000000000000000 ffffffff 00cf9300 DPL=0 DS   [-WA]
FS =0030 0000000000000000 ffffffff 00cf9300 DPL=0 DS   [-WA]
GS =0030 0000000000000000 ffffffff 00cf9300 DPL=0 DS   [-WA]
LDT=0000 0000000000000000 0000ffff 00008200 DPL=0 LDT
TR =0000 0000000000000000 0000ffff 00008b00 DPL=0 TSS64-busy
GDT=     000000003f5dc000 00000047
IDT=     000000003f241018 00000fff
CR0=80010033 CR2=0000000000000000 CR3=000000003f801000 CR4=00000668
DR0=0000000000000000 DR1=0000000000000000 DR2=0000000000000000 DR3=0000000000000000 
DR6=00000000ffff0ff0 DR7=0000000000000400
CCS=0000000000000081 CCD=fffffffffffe06df CCO=EFLAGS
EFER=0000000000000d00
Servicing hardware INT=0x20
    29: v=20 e=0000 i=0 cpl=0 IP=0038:000000003ff00e49 pc=000000003ff00e49 SP=0030:000000003fefa780 env->regs[R_EAX]=0000000000000029
RAX=0000000000000029 RBX=000000003ea02998 RCX=0000000000000004 RDX=0000000000000005
RSI=000000003eb3f8a0 RDI=000000003ff134d0 RBP=000000003fefa860 RSP=000000003fefa780
R8 =0000000000000010 R9 =000000000000000a R10=000000003ea02a08 R11=000000000000003a
R12=000000003e9fed18 R13=0000000000000004 R14=000000003e9fe018 R15=000000000000003a
RIP=000000003ff00e49 RFL=00000216 [----AP-] CPL=0 II=0 A20=1 SMM=0 HLT=0
ES =0030 0000000000000000 ffffffff 00cf9300 DPL=0 DS   [-WA]
CS =0038 0000000000000000 ffffffff 00af9a00 DPL=0 CS64 [-R-]
SS =0030 0000000000000000 ffffffff 00cf9300 DPL=0 DS   [-WA]
DS =0030 0000000000000000 ffffffff 00cf9300 DPL=0 DS   [-WA]
FS =0030 0000000000000000 ffffffff 00cf9300 DPL=0 DS   [-WA]
GS =0030 0000000000000000 ffffffff 00cf9300 DPL=0 DS   [-WA]
LDT=0000 0000000000000000 0000ffff 00008200 DPL=0 LDT
TR =0000 0000000000000000 0000ffff 00008b00 DPL=0 TSS64-busy
GDT=     000000003f5dc000 00000047
IDT=     000000003f241018 00000fff
CR0=80010033 CR2=0000000000000000 CR3=000000003f801000 CR4=00000668
DR0=0000000000000000 DR1=0000000000000000 DR2=0000000000000000 DR3=0000000000000000 
DR6=00000000ffff0ff0 DR7=0000000000000400
CCS=0000000000000014 CCD=0000000000000006 CCO=EFLAGS
EFER=0000000000000d00
Servicing hardware INT=0x20
    30: v=20 e=0000 i=0 cpl=0 IP=0038:000000003ea0b5ba pc=000000003ea0b5ba SP=0030:000000003fefa3b0 env->regs[R_EAX]=0000000000000000
RAX=0000000000000000 RBX=0000000080000000 RCX=00000000000a0001 RDX=0000000080000000
RSI=0000000000000004 RDI=0000000080167ffc RBP=000000003fefa460 RSP=000000003fefa3b0
R8 =0000000000000000 R9 =0000000000000320 R10=0000000000000000 R11=0000000000000000
R12=00000000003e8000 R13=000000003e9ff018 R14=0000000000000000 R15=000000003eb104e0
RIP=000000003ea0b5ba RFL=00010246 [---Z-P-] CPL=0 II=0 A20=1 SMM=0 HLT=0
ES =0030 0000000000000000 ffffffff 00cf9300 DPL=0 DS   [-WA]
CS =0038 0000000000000000 ffffffff 00af9a00 DPL=0 CS64 [-R-]
SS =0030 0000000000000000 ffffffff 00cf9300 DPL=0 DS   [-WA]
DS =0030 0000000000000000 ffffffff 00cf9300 DPL=0 DS   [-WA]
FS =0030 0000000000000000 ffffffff 00cf9300 DPL=0 DS   [-WA]
GS =0030 0000000000000000 ffffffff 00cf9300 DPL=0 DS   [-WA]
LDT=0000 0000000000000000 0000ffff 00008200 DPL=0 LDT
TR =0000 0000000000000000 0000ffff 00008b00 DPL=0 TSS64-busy
GDT=     000000003f5dc000 00000047
IDT=     000000003f241018 00000fff
CR0=80010033 CR2=0000000000000000 CR3=000000003f801000 CR4=00000668
DR0=0000000000000000 DR1=0000000000000000 DR2=0000000000000000 DR3=0000000000000000 
DR6=00000000ffff0ff0 DR7=0000000000000400
CCS=0000000000000044 CCD=0000000000000000 CCO=EFLAGS
EFER=0000000000000d00
Servicing hardware INT=0x20
    31: v=20 e=0000 i=0 cpl=0 IP=0038:000000003eace138 pc=000000003eace138 SP=0030:000000003fefa5e0 env->regs[R_EAX]=00000000002cc2c7
RAX=00000000002cc2c7 RBX=00000000002cc2e4 RCX=0000000000000608 RDX=0000000000000608
RSI=000000003fefa71f RDI=000000003e97e018 RBP=000000003fefa630 RSP=000000003fefa5e0
R8 =00000000000000af R9 =0000000000000608 R10=0000000000000012 R11=000000003e9fb798
R12=00000000000007ab R13=000000003fefa71f R14=000000003eacff50 R15=0000000000000001
RIP=000000003eace138 RFL=00000293 [--S-A-C] CPL=0 II=0 A20=1 SMM=0 HLT=0
ES =0030 0000000000000000 ffffffff 00cf9300 DPL=0 DS   [-WA]
CS =0038 0000000000000000 ffffffff 00af9a00 DPL=0 CS64 [-R-]
SS =0030 0000000000000000 ffffffff 00cf9300 DPL=0 DS   [-WA]
DS =0030 0000000000000000 ffffffff 00cf9300 DPL=0 DS   [-WA]
FS =0030 0000000000000000 ffffffff 00cf9300 DPL=0 DS   [-WA]
GS =0030 0000000000000000 ffffffff 00cf9300 DPL=0 DS   [-WA]
LDT=0000 0000000000000000 0000ffff 00008200 DPL=0 LDT
TR =0000 0000000000000000 0000ffff 00008b00 DPL=0 TSS64-busy
GDT=     000000003f5dc000 00000047
IDT=     000000003f241018 00000fff
CR0=80010033 CR2=0000000000000000 CR3=000000003f801000 CR4=00000668
DR0=0000000000000000 DR1=0000000000000000 DR2=0000000000000000 DR3=0000000000000000 
DR6=00000000ffff0ff0 DR7=0000000000000400
CCS=0000000000000091 CCD=fffffffffffffffe CCO=EFLAGS
EFER=0000000000000d00
Servicing hardware INT=0x20
    32: v=20 e=0000 i=0 cpl=0 IP=0038:000000003eace170 pc=000000003eace170 SP=0030:000000003fefa640 env->regs[R_EAX]=0000000000000059
RAX=0000000000000059 RBX=00000000002d3b24 RCX=0000000000000608 RDX=00000000002d3acb
RSI=000000003fefa71f RDI=000000003e97e018 RBP=000000003fefa670 RSP=000000003fefa640
R8 =00000000000000af R9 =0000000000000608 R10=0000000000000012 R11=000000003e9fb798
R12=000000000000069d R13=000000003fefa71f R14=000000003eacff50 R15=0000000000000001
RIP=000000003eace170 RFL=00000206 [-----P-] CPL=0 II=0 A20=1 SMM=0 HLT=0
ES =0030 0000000000000000 ffffffff 00cf9300 DPL=0 DS   [-WA]
CS =0038 0000000000000000 ffffffff 00af9a00 DPL=0 CS64 [-R-]
SS =0030 0000000000000000 ffffffff 00cf9300 DPL=0 DS   [-WA]
DS =0030 0000000000000000 ffffffff 00cf9300 DPL=0 DS   [-WA]
FS =0030 0000000000000000 ffffffff 00cf9300 DPL=0 DS   [-WA]
GS =0030 0000000000000000 ffffffff 00cf9300 DPL=0 DS   [-WA]
LDT=0000 0000000000000000 0000ffff 00008200 DPL=0 LDT
TR =0000 0000000000000000 0000ffff 00008b00 DPL=0 TSS64-busy
GDT=     000000003f5dc000 00000047
IDT=     000000003f241018 00000fff
CR0=80010033 CR2=0000000000000000 CR3=000000003f801000 CR4=00000668
DR0=0000000000000000 DR1=0000000000000000 DR2=0000000000000000 DR3=0000000000000000 
DR6=00000000ffff0ff0 DR7=0000000000000400
CCS=0000000000000004 CCD=0000000000000059 CCO=EFLAGS
EFER=0000000000000d00
Servicing hardware INT=0x20
    33: v=20 e=0000 i=0 cpl=0 IP=0038:000000003eace138 pc=000000003eace138 SP=0030:000000003fefa5e0 env->regs[R_EAX]=00000000002dea42
RAX=00000000002dea42 RBX=00000000002dea7f RCX=0000000000000608 RDX=0000000000000608
RSI=000000003fefa71f RDI=000000003e97e018 RBP=000000003fefa630 RSP=000000003fefa5e0
R8 =00000000000000af R9 =0000000000000608 R10=0000000000000012 R11=000000003e9fb798
R12=000000000000050a R13=000000003fefa71f R14=000000003eacff50 R15=0000000000000001
RIP=000000003eace138 RFL=00000293 [--S-A-C] CPL=0 II=0 A20=1 SMM=0 HLT=0
ES =0030 0000000000000000 ffffffff 00cf9300 DPL=0 DS   [-WA]
CS =0038 0000000000000000 ffffffff 00af9a00 DPL=0 CS64 [-R-]
SS =0030 0000000000000000 ffffffff 00cf9300 DPL=0 DS   [-WA]
DS =0030 0000000000000000 ffffffff 00cf9300 DPL=0 DS   [-WA]
FS =0030 0000000000000000 ffffffff 00cf9300 DPL=0 DS   [-WA]
GS =0030 0000000000000000 ffffffff 00cf9300 DPL=0 DS   [-WA]
LDT=0000 0000000000000000 0000ffff 00008200 DPL=0 LDT
TR =0000 0000000000000000 0000ffff 00008b00 DPL=0 TSS64-busy
GDT=     000000003f5dc000 00000047
IDT=     000000003f241018 00000fff
CR0=80010033 CR2=0000000000000000 CR3=000000003f801000 CR4=00000668
DR0=0000000000000000 DR1=0000000000000000 DR2=0000000000000000 DR3=0000000000000000 
DR6=00000000ffff0ff0 DR7=0000000000000400
CCS=0000000000000091 CCD=fffffffffffffffe CCO=EFLAGS
EFER=0000000000000d00
Servicing hardware INT=0x20
    34: v=20 e=0000 i=0 cpl=0 IP=0038:000000003eace170 pc=000000003eace170 SP=0030:000000003fefa640 env->regs[R_EAX]=000000000000004b
RAX=000000000000004b RBX=00000000002e64fc RCX=0000000000000608 RDX=00000000002e64b1
RSI=000000003fefa71f RDI=000000003e97e018 RBP=000000003fefa670 RSP=000000003fefa640
R8 =00000000000000af R9 =0000000000000608 R10=0000000000000012 R11=000000003e9fb798
R12=00000000000003f0 R13=000000003fefa71f R14=000000003eacff50 R15=0000000000000001
RIP=000000003eace170 RFL=00000206 [-----P-] CPL=0 II=0 A20=1 SMM=0 HLT=0
ES =0030 0000000000000000 ffffffff 00cf9300 DPL=0 DS   [-WA]
CS =0038 0000000000000000 ffffffff 00af9a00 DPL=0 CS64 [-R-]
SS =0030 0000000000000000 ffffffff 00cf9300 DPL=0 DS   [-WA]
DS =0030 0000000000000000 ffffffff 00cf9300 DPL=0 DS   [-WA]
FS =0030 0000000000000000 ffffffff 00cf9300 DPL=0 DS   [-WA]
GS =0030 0000000000000000 ffffffff 00cf9300 DPL=0 DS   [-WA]
LDT=0000 0000000000000000 0000ffff 00008200 DPL=0 LDT
TR =0000 0000000000000000 0000ffff 00008b00 DPL=0 TSS64-busy
GDT=     000000003f5dc000 00000047
IDT=     000000003f241018 00000fff
CR0=80010033 CR2=0000000000000000 CR3=000000003f801000 CR4=00000668
DR0=0000000000000000 DR1=0000000000000000 DR2=0000000000000000 DR3=0000000000000000 
DR6=00000000ffff0ff0 DR7=0000000000000400
CCS=0000000000000004 CCD=000000000000004b CCO=EFLAGS
EFER=0000000000000d00
Servicing hardware INT=0x20
    35: v=20 e=0000 i=0 cpl=0 IP=0038:000000003eace138 pc=000000003eace138 SP=0030:000000003fefa5e0 env->regs[R_EAX]=00000000002ee001
RAX=00000000002ee001 RBX=00000000002ee019 RCX=0000000000000608 RDX=0000000000000608
RSI=000000003fefa71f RDI=000000003e97e018 RBP=000000003fefa630 RSP=000000003fefa5e0
R8 =00000000000000af R9 =0000000000000608 R10=0000000000000012 R11=000000003e9fb798
R12=00000000000002d4 R13=000000003fefa71f R14=000000003eacff50 R15=0000000000000001
RIP=000000003eace138 RFL=00000293 [--S-A-C] CPL=0 II=0 A20=1 SMM=0 HLT=0
ES =0030 0000000000000000 ffffffff 00cf9300 DPL=0 DS   [-WA]
CS =0038 0000000000000000 ffffffff 00af9a00 DPL=0 CS64 [-R-]
SS =0030 0000000000000000 ffffffff 00cf9300 DPL=0 DS   [-WA]
DS =0030 0000000000000000 ffffffff 00cf9300 DPL=0 DS   [-WA]
FS =0030 0000000000000000 ffffffff 00cf9300 DPL=0 DS   [-WA]
GS =0030 0000000000000000 ffffffff 00cf9300 DPL=0 DS   [-WA]
LDT=0000 0000000000000000 0000ffff 00008200 DPL=0 LDT
TR =0000 0000000000000000 0000ffff 00008b00 DPL=0 TSS64-busy
GDT=     000000003f5dc000 00000047
IDT=     000000003f241018 00000fff
CR0=80010033 CR2=0000000000000000 CR3=000000003f801000 CR4=00000668
DR0=0000000000000000 DR1=0000000000000000 DR2=0000000000000000 DR3=0000000000000000 
DR6=00000000ffff0ff0 DR7=0000000000000400
CCS=0000000000000091 CCD=fffffffffffffffe CCO=EFLAGS
EFER=0000000000000d00
Servicing hardware INT=0x20
    36: v=20 e=0000 i=0 cpl=0 IP=0038:000000003eace138 pc=000000003eace138 SP=0030:000000003fefa5e0 env->regs[R_EAX]=00000000002f8efb
RAX=00000000002f8efb RBX=00000000002f8efb RCX=0000000000000608 RDX=0000000000000608
RSI=000000003fefa71f RDI=000000003e97e018 RBP=000000003fefa630 RSP=000000003fefa5e0
R8 =00000000000000af R9 =0000000000000608 R10=0000000000000012 R11=000000003e9fb798
R12=0000000000000141 R13=000000003fefa71f R14=000000003eacff50 R15=0000000000000001
RIP=000000003eace138 RFL=00000293 [--S-A-C] CPL=0 II=0 A20=1 SMM=0 HLT=0
ES =0030 0000000000000000 ffffffff 00cf9300 DPL=0 DS   [-WA]
CS =0038 0000000000000000 ffffffff 00af9a00 DPL=0 CS64 [-R-]
SS =0030 0000000000000000 ffffffff 00cf9300 DPL=0 DS   [-WA]
DS =0030 0000000000000000 ffffffff 00cf9300 DPL=0 DS   [-WA]
FS =0030 0000000000000000 ffffffff 00cf9300 DPL=0 DS   [-WA]
GS =0030 0000000000000000 ffffffff 00cf9300 DPL=0 DS   [-WA]
LDT=0000 0000000000000000 0000ffff 00008200 DPL=0 LDT
TR =0000 0000000000000000 0000ffff 00008b00 DPL=0 TSS64-busy
GDT=     000000003f5dc000 00000047
IDT=     000000003f241018 00000fff
CR0=80010033 CR2=0000000000000000 CR3=000000003f801000 CR4=00000668
DR0=0000000000000000 DR1=0000000000000000 DR2=0000000000000000 DR3=0000000000000000 
DR6=00000000ffff0ff0 DR7=0000000000000400
CCS=0000000000000091 CCD=fffffffffffffffe CCO=EFLAGS
EFER=0000000000000d00
Servicing hardware INT=0x20
    37: v=20 e=0000 i=0 cpl=0 IP=0038:000000003eace138 pc=000000003eace138 SP=0030:000000003fefa5e0 env->regs[R_EAX]=00000000002ff8c2
RAX=00000000002ff8c2 RBX=00000000002ff8f1 RCX=0000000000000608 RDX=0000000000000608
RSI=000000003fefa71f RDI=000000003e97e018 RBP=000000003fefa630 RSP=000000003fefa5e0
R8 =00000000000000af R9 =0000000000000608 R10=0000000000000012 R11=000000003e9fb798
R12=000000000000004e R13=000000003fefa71f R14=000000003eacff50 R15=0000000000000001
RIP=000000003eace138 RFL=00000293 [--S-A-C] CPL=0 II=0 A20=1 SMM=0 HLT=0
ES =0030 0000000000000000 ffffffff 00cf9300 DPL=0 DS   [-WA]
CS =0038 0000000000000000 ffffffff 00af9a00 DPL=0 CS64 [-R-]
SS =0030 0000000000000000 ffffffff 00cf9300 DPL=0 DS   [-WA]
DS =0030 0000000000000000 ffffffff 00cf9300 DPL=0 DS   [-WA]
FS =0030 0000000000000000 ffffffff 00cf9300 DPL=0 DS   [-WA]
GS =0030 0000000000000000 ffffffff 00cf9300 DPL=0 DS   [-WA]
LDT=0000 0000000000000000 0000ffff 00008200 DPL=0 LDT
TR =0000 0000000000000000 0000ffff 00008b00 DPL=0 TSS64-busy
GDT=     000000003f5dc000 00000047
IDT=     000000003f241018 00000fff
CR0=80010033 CR2=0000000000000000 CR3=000000003f801000 CR4=00000668
DR0=0000000000000000 DR1=0000000000000000 DR2=0000000000000000 DR3=0000000000000000 
DR6=00000000ffff0ff0 DR7=0000000000000400
CCS=0000000000000091 CCD=fffffffffffffffe CCO=EFLAGS
EFER=0000000000000d00
Servicing hardware INT=0x20
    38: v=20 e=0000 i=0 cpl=0 IP=0038:000000003eae3ba1 pc=000000003eae3ba1 SP=0030:000000003fef9e80 env->regs[R_EAX]=00000000000003b4
RAX=00000000000003b4 RBX=00000000000003e8 RCX=0000000000000608 RDX=0000000000309651
RSI=0000000000309a05 RDI=00000000000001a8 RBP=000000003fef9eb0 RSP=000000003fef9e80
R8 =000000003fef9eac R9 =0000000000000608 R10=0000000000000000 R11=0000000000000002
R12=000000003fef9fc0 R13=000000003ea5f828 R14=00000000000001a4 R15=00000000000001a4
RIP=000000003eae3ba1 RFL=00000206 [-----P-] CPL=0 II=0 A20=1 SMM=0 HLT=0
ES =0030 0000000000000000 ffffffff 00cf9300 DPL=0 DS   [-WA]
CS =0038 0000000000000000 ffffffff 00af9a00 DPL=0 CS64 [-R-]
SS =0030 0000000000000000 ffffffff 00cf9300 DPL=0 DS   [-WA]
DS =0030 0000000000000000 ffffffff 00cf9300 DPL=0 DS   [-WA]
FS =0030 0000000000000000 ffffffff 00cf9300 DPL=0 DS   [-WA]
GS =0030 0000000000000000 ffffffff 00cf9300 DPL=0 DS   [-WA]
LDT=0000 0000000000000000 0000ffff 00008200 DPL=0 LDT
TR =0000 0000000000000000 0000ffff 00008b00 DPL=0 TSS64-busy
GDT=     000000003f5dc000 00000047
IDT=     000000003f241018 00000fff
CR0=80010033 CR2=0000000000000000 CR3=000000003f801000 CR4=00000668
DR0=0000000000000000 DR1=0000000000000000 DR2=0000000000000000 DR3=0000000000000000 
DR6=00000000ffff0ff0 DR7=0000000000000400
CCS=0000000000000004 CCD=00000000000003b4 CCO=EFLAGS
EFER=0000000000000d00
Servicing hardware INT=0x20
    39: v=20 e=0000 i=0 cpl=0 IP=0038:000000003eae3b53 pc=000000003eae3b53 SP=0030:000000003fef9e20 env->regs[R_EAX]=00000000003122de
RAX=00000000003122de RBX=00000000000003e8 RCX=0000000000000608 RDX=0000000000000608
RSI=0000000000312620 RDI=00000000000001a8 RBP=000000003fef9e70 RSP=000000003fef9e20
R8 =000000003fef9eac R9 =0000000000000608 R10=0000000000000000 R11=0000000000000002
R12=000000003fef9fc0 R13=000000003ea5f828 R14=00000000000001a4 R15=00000000000001a4
RIP=000000003eae3b53 RFL=00000293 [--S-A-C] CPL=0 II=0 A20=1 SMM=0 HLT=0
ES =0030 0000000000000000 ffffffff 00cf9300 DPL=0 DS   [-WA]
CS =0038 0000000000000000 ffffffff 00af9a00 DPL=0 CS64 [-R-]
SS =0030 0000000000000000 ffffffff 00cf9300 DPL=0 DS   [-WA]
DS =0030 0000000000000000 ffffffff 00cf9300 DPL=0 DS   [-WA]
FS =0030 0000000000000000 ffffffff 00cf9300 DPL=0 DS   [-WA]
GS =0030 0000000000000000 ffffffff 00cf9300 DPL=0 DS   [-WA]
LDT=0000 0000000000000000 0000ffff 00008200 DPL=0 LDT
TR =0000 0000000000000000 0000ffff 00008b00 DPL=0 TSS64-busy
GDT=     000000003f5dc000 00000047
IDT=     000000003f241018 00000fff
CR0=80010033 CR2=0000000000000000 CR3=000000003f801000 CR4=00000668
DR0=0000000000000000 DR1=0000000000000000 DR2=0000000000000000 DR3=0000000000000000 
DR6=00000000ffff0ff0 DR7=0000000000000400
CCS=0000000000000091 CCD=00000000000002fe CCO=EFLAGS
EFER=0000000000000d00
Servicing hardware INT=0x20
    40: v=20 e=0000 i=0 cpl=0 IP=0038:000000003eae3b53 pc=000000003eae3b53 SP=0030:000000003fef9e20 env->regs[R_EAX]=0000000000319dca
RAX=0000000000319dca RBX=00000000000003e8 RCX=0000000000000608 RDX=0000000000000608
RSI=000000000031aa1f RDI=00000000000002a8 RBP=000000003fef9e70 RSP=000000003fef9e20
R8 =000000003fef9eac R9 =0000000000000608 R10=0000000000000000 R11=0000000000000002
R12=000000003fef9fc0 R13=000000003ea5f828 R14=00000000000002a4 R15=00000000000002a4
RIP=000000003eae3b53 RFL=00000293 [--S-A-C] CPL=0 II=0 A20=1 SMM=0 HLT=0
ES =0030 0000000000000000 ffffffff 00cf9300 DPL=0 DS   [-WA]
CS =0038 0000000000000000 ffffffff 00af9a00 DPL=0 CS64 [-R-]
SS =0030 0000000000000000 ffffffff 00cf9300 DPL=0 DS   [-WA]
DS =0030 0000000000000000 ffffffff 00cf9300 DPL=0 DS   [-WA]
FS =0030 0000000000000000 ffffffff 00cf9300 DPL=0 DS   [-WA]
GS =0030 0000000000000000 ffffffff 00cf9300 DPL=0 DS   [-WA]
LDT=0000 0000000000000000 0000ffff 00008200 DPL=0 LDT
TR =0000 0000000000000000 0000ffff 00008b00 DPL=0 TSS64-busy
GDT=     000000003f5dc000 00000047
IDT=     000000003f241018 00000fff
CR0=80010033 CR2=0000000000000000 CR3=000000003f801000 CR4=00000668
DR0=0000000000000000 DR1=0000000000000000 DR2=0000000000000000 DR3=0000000000000000 
DR6=00000000ffff0ff0 DR7=0000000000000400
CCS=0000000000000091 CCD=0000000000000bfe CCO=EFLAGS
EFER=0000000000000d00
Servicing hardware INT=0x20
    41: v=20 e=0000 i=0 cpl=0 IP=0038:000000003eae3ba1 pc=000000003eae3ba1 SP=0030:000000003fef9e80 env->regs[R_EAX]=00000000000008ef
RAX=00000000000008ef RBX=00000000000003e8 RCX=0000000000000608 RDX=0000000000323b3c
RSI=000000000032442b RDI=0000000000000328 RBP=000000003fef9eb0 RSP=000000003fef9e80
R8 =000000003fef9eac R9 =0000000000000608 R10=0000000000000000 R11=0000000000000002
R12=000000003fef9fc0 R13=000000003ea5f828 R14=0000000000000324 R15=0000000000000324
RIP=000000003eae3ba1 RFL=00000202 [-------] CPL=0 II=0 A20=1 SMM=0 HLT=0
ES =0030 0000000000000000 ffffffff 00cf9300 DPL=0 DS   [-WA]
CS =0038 0000000000000000 ffffffff 00af9a00 DPL=0 CS64 [-R-]
SS =0030 0000000000000000 ffffffff 00cf9300 DPL=0 DS   [-WA]
DS =0030 0000000000000000 ffffffff 00cf9300 DPL=0 DS   [-WA]
FS =0030 0000000000000000 ffffffff 00cf9300 DPL=0 DS   [-WA]
GS =0030 0000000000000000 ffffffff 00cf9300 DPL=0 DS   [-WA]
LDT=0000 0000000000000000 0000ffff 00008200 DPL=0 LDT
TR =0000 0000000000000000 0000ffff 00008b00 DPL=0 TSS64-busy
GDT=     000000003f5dc000 00000047
IDT=     000000003f241018 00000fff
CR0=80010033 CR2=0000000000000000 CR3=000000003f801000 CR4=00000668
DR0=0000000000000000 DR1=0000000000000000 DR2=0000000000000000 DR3=0000000000000000 
DR6=00000000ffff0ff0 DR7=0000000000000400
CCS=0000000000000000 CCD=00000000000008ef CCO=EFLAGS
EFER=0000000000000d00
Servicing hardware INT=0x20
    42: v=20 e=0000 i=0 cpl=0 IP=0038:000000003eae3b53 pc=000000003eae3b53 SP=0030:000000003fef9e20 env->regs[R_EAX]=000000000032b67a
RAX=000000000032b67a RBX=00000000000003e8 RCX=0000000000000608 RDX=0000000000000608
RSI=000000000032c22a RDI=0000000000000328 RBP=000000003fef9e70 RSP=000000003fef9e20
R8 =000000003fef9eac R9 =0000000000000608 R10=0000000000000000 R11=0000000000000002
R12=000000003fef9fc0 R13=000000003ea5f828 R14=0000000000000324 R15=0000000000000324
RIP=000000003eae3b53 RFL=00000293 [--S-A-C] CPL=0 II=0 A20=1 SMM=0 HLT=0
ES =0030 0000000000000000 ffffffff 00cf9300 DPL=0 DS   [-WA]
CS =0038 0000000000000000 ffffffff 00af9a00 DPL=0 CS64 [-R-]
SS =0030 0000000000000000 ffffffff 00cf9300 DPL=0 DS   [-WA]
DS =0030 0000000000000000 ffffffff 00cf9300 DPL=0 DS   [-WA]
FS =0030 0000000000000000 ffffffff 00cf9300 DPL=0 DS   [-WA]
GS =0030 0000000000000000 ffffffff 00cf9300 DPL=0 DS   [-WA]
LDT=0000 0000000000000000 0000ffff 00008200 DPL=0 LDT
TR =0000 0000000000000000 0000ffff 00008b00 DPL=0 TSS64-busy
GDT=     000000003f5dc000 00000047
IDT=     000000003f241018 00000fff
CR0=80010033 CR2=0000000000000000 CR3=000000003f801000 CR4=00000668
DR0=0000000000000000 DR1=0000000000000000 DR2=0000000000000000 DR3=0000000000000000 
DR6=00000000ffff0ff0 DR7=0000000000000400
CCS=0000000000000091 CCD=0000000000000afe CCO=EFLAGS
EFER=0000000000000d00
Servicing hardware INT=0x20
    43: v=20 e=0000 i=0 cpl=0 IP=0038:000000003eae3ba1 pc=000000003eae3ba1 SP=0030:000000003fef9e80 env->regs[R_EAX]=0000000000000ba2
RAX=0000000000000ba2 RBX=00000000000003e8 RCX=0000000000000608 RDX=000000000033429c
RSI=0000000000334e3e RDI=00000000000003a8 RBP=000000003fef9eb0 RSP=000000003fef9e80
R8 =000000003fef9eac R9 =0000000000000608 R10=0000000000000000 R11=0000000000000002
R12=000000003fef9fc0 R13=000000003ea5f828 R14=00000000000003a4 R15=00000000000003a4
RIP=000000003eae3ba1 RFL=00000202 [-------] CPL=0 II=0 A20=1 SMM=0 HLT=0
ES =0030 0000000000000000 ffffffff 00cf9300 DPL=0 DS   [-WA]
CS =0038 0000000000000000 ffffffff 00af9a00 DPL=0 CS64 [-R-]
SS =0030 0000000000000000 ffffffff 00cf9300 DPL=0 DS   [-WA]
DS =0030 0000000000000000 ffffffff 00cf9300 DPL=0 DS   [-WA]
FS =0030 0000000000000000 ffffffff 00cf9300 DPL=0 DS   [-WA]
GS =0030 0000000000000000 ffffffff 00cf9300 DPL=0 DS   [-WA]
LDT=0000 0000000000000000 0000ffff 00008200 DPL=0 LDT
TR =0000 0000000000000000 0000ffff 00008b00 DPL=0 TSS64-busy
GDT=     000000003f5dc000 00000047
IDT=     000000003f241018 00000fff
CR0=80010033 CR2=0000000000000000 CR3=000000003f801000 CR4=00000668
DR0=0000000000000000 DR1=0000000000000000 DR2=0000000000000000 DR3=0000000000000000 
DR6=00000000ffff0ff0 DR7=0000000000000400
CCS=0000000000000000 CCD=0000000000000ba2 CCO=EFLAGS
EFER=0000000000000d00
Servicing hardware INT=0x20
    44: v=20 e=0000 i=0 cpl=0 IP=0038:000000003eaf152c pc=000000003eaf152c SP=0030:000000003fefa5a8 env->regs[R_EAX]=0000000000000065
RAX=0000000000000065 RBX=000000003eaf3cf6 RCX=0000000000000065 RDX=000000003eaf3cf4
RSI=0000000000006000 RDI=0000000000000000 RBP=000000003fefa5e0 RSP=000000003fefa5a8
R8 =0000000000000002 R9 =0000000000000000 R10=0000000000000052 R11=000000003eaf3cf4
R12=000000003eaf3cf4 R13=000000003e9794f0 R14=000000003e9794f8 R15=0000000000000000
RIP=000000003eaf152c RFL=00000206 [-----P-] CPL=0 II=0 A20=1 SMM=0 HLT=0
ES =0030 0000000000000000 ffffffff 00cf9300 DPL=0 DS   [-WA]
CS =0038 0000000000000000 ffffffff 00af9a00 DPL=0 CS64 [-R-]
SS =0030 0000000000000000 ffffffff 00cf9300 DPL=0 DS   [-WA]
DS =0030 0000000000000000 ffffffff 00cf9300 DPL=0 DS   [-WA]
FS =0030 0000000000000000 ffffffff 00cf9300 DPL=0 DS   [-WA]
GS =0030 0000000000000000 ffffffff 00cf9300 DPL=0 DS   [-WA]
LDT=0000 0000000000000000 0000ffff 00008200 DPL=0 LDT
TR =0000 0000000000000000 0000ffff 00008b00 DPL=0 TSS64-busy
GDT=     000000003f5dc000 00000047
IDT=     000000003f241018 00000fff
CR0=80010033 CR2=0000000000000000 CR3=000000003f801000 CR4=00000668
DR0=0000000000000000 DR1=0000000000000000 DR2=0000000000000000 DR3=0000000000000000 
DR6=00000000ffff0ff0 DR7=0000000000000400
CCS=0000000000000004 CCD=0000000000000065 CCO=EFLAGS
EFER=0000000000000d00
Servicing hardware INT=0x20
    45: v=20 e=0000 i=0 cpl=0 IP=0038:000000003f243a7a pc=000000003f243a7a SP=0030:000000003fef9db0 env->regs[R_EAX]=0000000000000001
RAX=0000000000000001 RBX=0000000081084110 RCX=0000000000000002 RDX=000000003f243f08
RSI=0000000000000002 RDI=0000000000000001 RBP=000000003fef9e20 RSP=000000003fef9db0
R8 =000000003fef9edc R9 =0000000081084110 R10=0000000000000000 R11=0000000000000002
R12=000000003fef9edc R13=0000000000000004 R14=8000000000000004 R15=8000000000000006
RIP=000000003f243a7a RFL=00000246 [---Z-P-] CPL=0 II=0 A20=1 SMM=0 HLT=0
ES =0030 0000000000000000 ffffffff 00cf9300 DPL=0 DS   [-WA]
CS =0038 0000000000000000 ffffffff 00af9a00 DPL=0 CS64 [-R-]
SS =0030 0000000000000000 ffffffff 00cf9300 DPL=0 DS   [-WA]
DS =0030 0000000000000000 ffffffff 00cf9300 DPL=0 DS   [-WA]
FS =0030 0000000000000000 ffffffff 00cf9300 DPL=0 DS   [-WA]
GS =0030 0000000000000000 ffffffff 00cf9300 DPL=0 DS   [-WA]
LDT=0000 0000000000000000 0000ffff 00008200 DPL=0 LDT
TR =0000 0000000000000000 0000ffff 00008b00 DPL=0 TSS64-busy
GDT=     000000003f5dc000 00000047
IDT=     000000003f241018 00000fff
CR0=80010033 CR2=0000000000000000 CR3=000000003f801000 CR4=00000668
DR0=0000000000000000 DR1=0000000000000000 DR2=0000000000000000 DR3=0000000000000000 
DR6=00000000ffff0ff0 DR7=0000000000000400
CCS=0000000000000044 CCD=0000000000000000 CCO=EFLAGS
EFER=0000000000000d00
Servicing hardware INT=0x20
    46: v=20 e=0000 i=0 cpl=0 IP=0038:000000003eac6643 pc=000000003eac6643 SP=0030:000000003fefa468 env->regs[R_EAX]=0000000000000000
RAX=0000000000000000 RBX=000000003e972018 RCX=0000000000020001 RDX=0000000000000000
RSI=0000000000080000 RDI=000000003e694010 RBP=000000003fefa580 RSP=000000003fefa468
R8 =000000003e795003 R9 =0000000000481000 R10=0000000000000000 R11=0000000000000002
R12=000000003e975198 R13=000000003eac6940 R14=0000000000000001 R15=0000000000000200
RIP=000000003eac6643 RFL=00010246 [---Z-P-] CPL=0 II=0 A20=1 SMM=0 HLT=0
ES =0030 0000000000000000 ffffffff 00cf9300 DPL=0 DS   [-WA]
CS =0038 0000000000000000 ffffffff 00af9a00 DPL=0 CS64 [-R-]
SS =0030 0000000000000000 ffffffff 00cf9300 DPL=0 DS   [-WA]
DS =0030 0000000000000000 ffffffff 00cf9300 DPL=0 DS   [-WA]
FS =0030 0000000000000000 ffffffff 00cf9300 DPL=0 DS   [-WA]
GS =0030 0000000000000000 ffffffff 00cf9300 DPL=0 DS   [-WA]
LDT=0000 0000000000000000 0000ffff 00008200 DPL=0 LDT
TR =0000 0000000000000000 0000ffff 00008b00 DPL=0 TSS64-busy
GDT=     000000003f5dc000 00000047
IDT=     000000003f241018 00000fff
CR0=80010033 CR2=0000000000000000 CR3=000000003f801000 CR4=00000668
DR0=0000000000000000 DR1=0000000000000000 DR2=0000000000000000 DR3=0000000000000000 
DR6=00000000ffff0ff0 DR7=0000000000000400
CCS=0000000000000044 CCD=0000000000000000 CCO=EFLAGS
EFER=0000000000000d00
Servicing hardware INT=0x20
    47: v=20 e=0000 i=0 cpl=0 IP=0038:000000003eae3ba1 pc=000000003eae3ba1 SP=0030:000000003fef9fa0 env->regs[R_EAX]=000000000000000a
RAX=000000000000000a RBX=0000000000000064 RCX=0000000000000608 RDX=000000000035600b
RSI=0000000000356015 RDI=000000003ea5f828 RBP=000000003fef9fd0 RSP=000000003fef9fa0
R8 =000000003fef9f9c R9 =0000000000000608 R10=0000000000000000 R11=0000000000000002
R12=0000000000000000 R13=0000000000000000 R14=8000000000000000 R15=8000000000000006
RIP=000000003eae3ba1 RFL=00000206 [-----P-] CPL=0 II=0 A20=1 SMM=0 HLT=0
ES =0030 0000000000000000 ffffffff 00cf9300 DPL=0 DS   [-WA]
CS =0038 0000000000000000 ffffffff 00af9a00 DPL=0 CS64 [-R-]
SS =0030 0000000000000000 ffffffff 00cf9300 DPL=0 DS   [-WA]
DS =0030 0000000000000000 ffffffff 00cf9300 DPL=0 DS   [-WA]
FS =0030 0000000000000000 ffffffff 00cf9300 DPL=0 DS   [-WA]
GS =0030 0000000000000000 ffffffff 00cf9300 DPL=0 DS   [-WA]
LDT=0000 0000000000000000 0000ffff 00008200 DPL=0 LDT
TR =0000 0000000000000000 0000ffff 00008b00 DPL=0 TSS64-busy
GDT=     000000003f5dc000 00000047
IDT=     000000003f241018 00000fff
CR0=80010033 CR2=0000000000000000 CR3=000000003f801000 CR4=00000668
DR0=0000000000000000 DR1=0000000000000000 DR2=0000000000000000 DR3=0000000000000000 
DR6=00000000ffff0ff0 DR7=0000000000000400
CCS=0000000000000004 CCD=000000000000000a CCO=EFLAGS
EFER=0000000000000d00
Servicing hardware INT=0x20
    48: v=20 e=0000 i=0 cpl=0 IP=0038:000000003eae3b53 pc=000000003eae3b53 SP=0030:000000003fef9fa0 env->regs[R_EAX]=000000000035ec03
RAX=000000000035ec03 RBX=0000000000000064 RCX=0000000000000608 RDX=0000000000000608
RSI=000000000035ed24 RDI=000000003ea5f828 RBP=000000003fef9ff0 RSP=000000003fef9fa0
R8 =000000003fef9ffc R9 =0000000000000608 R10=0000000000000000 R11=0000000000000002
R12=0000000000000000 R13=0000000000000000 R14=8000000000000000 R15=8000000000000006
RIP=000000003eae3b53 RFL=00000293 [--S-A-C] CPL=0 II=0 A20=1 SMM=0 HLT=0
ES =0030 0000000000000000 ffffffff 00cf9300 DPL=0 DS   [-WA]
CS =0038 0000000000000000 ffffffff 00af9a00 DPL=0 CS64 [-R-]
SS =0030 0000000000000000 ffffffff 00cf9300 DPL=0 DS   [-WA]
DS =0030 0000000000000000 ffffffff 00cf9300 DPL=0 DS   [-WA]
FS =0030 0000000000000000 ffffffff 00cf9300 DPL=0 DS   [-WA]
GS =0030 0000000000000000 ffffffff 00cf9300 DPL=0 DS   [-WA]
LDT=0000 0000000000000000 0000ffff 00008200 DPL=0 LDT
TR =0000 0000000000000000 0000ffff 00008b00 DPL=0 TSS64-busy
GDT=     000000003f5dc000 00000047
IDT=     000000003f241018 00000fff
CR0=80010033 CR2=0000000000000000 CR3=000000003f801000 CR4=00000668
DR0=0000000000000000 DR1=0000000000000000 DR2=0000000000000000 DR3=0000000000000000 
DR6=00000000ffff0ff0 DR7=0000000000000400
CCS=0000000000000091 CCD=00000000000000fe CCO=EFLAGS
EFER=0000000000000d00
Servicing hardware INT=0x20
    49: v=20 e=0000 i=0 cpl=0 IP=0038:000000003eae3b53 pc=000000003eae3b53 SP=0030:000000003fef9de0 env->regs[R_EAX]=000000000036780f
RAX=000000000036780f RBX=0000000000000064 RCX=0000000000000608 RDX=0000000000000608
RSI=00000000003678ec RDI=000000003ea5f828 RBP=000000003fef9e30 RSP=000000003fef9de0
R8 =000000003fef9e3c R9 =0000000000000608 R10=0000000000000000 R11=0000000000000002
R12=0000000000000000 R13=0000000000000000 R14=8000000000000000 R15=8000000000000006
RIP=000000003eae3b53 RFL=00000293 [--S-A-C] CPL=0 II=0 A20=1 SMM=0 HLT=0
ES =0030 0000000000000000 ffffffff 00cf9300 DPL=0 DS   [-WA]
CS =0038 0000000000000000 ffffffff 00af9a00 DPL=0 CS64 [-R-]
SS =0030 0000000000000000 ffffffff 00cf9300 DPL=0 DS   [-WA]
DS =0030 0000000000000000 ffffffff 00cf9300 DPL=0 DS   [-WA]
FS =0030 0000000000000000 ffffffff 00cf9300 DPL=0 DS   [-WA]
GS =0030 0000000000000000 ffffffff 00cf9300 DPL=0 DS   [-WA]
LDT=0000 0000000000000000 0000ffff 00008200 DPL=0 LDT
TR =0000 0000000000000000 0000ffff 00008b00 DPL=0 TSS64-busy
GDT=     000000003f5dc000 00000047
IDT=     000000003f241018 00000fff
CR0=80010033 CR2=0000000000000000 CR3=000000003f801000 CR4=00000668
DR0=0000000000000000 DR1=0000000000000000 DR2=0000000000000000 DR3=0000000000000000 
DR6=00000000ffff0ff0 DR7=0000000000000400
CCS=0000000000000091 CCD=00000000000000fe CCO=EFLAGS
EFER=0000000000000d00
Servicing hardware INT=0x20
    50: v=20 e=0000 i=0 cpl=0 IP=0038:000000003eae3ba1 pc=000000003eae3ba1 SP=0030:000000003fef9ea0 env->regs[R_EAX]=0000000000000059
RAX=0000000000000059 RBX=0000000000000064 RCX=0000000000000608 RDX=00000000003702ef
RSI=0000000000370348 RDI=000000003ea5f828 RBP=000000003fef9ed0 RSP=000000003fef9ea0
R8 =000000003fef9e9c R9 =0000000000000608 R10=0000000000000000 R11=0000000000000002
R12=0000000000000000 R13=0000000000000000 R14=8000000000000000 R15=8000000000000006
RIP=000000003eae3ba1 RFL=00000206 [-----P-] CPL=0 II=0 A20=1 SMM=0 HLT=0
ES =0030 0000000000000000 ffffffff 00cf9300 DPL=0 DS   [-WA]
CS =0038 0000000000000000 ffffffff 00af9a00 DPL=0 CS64 [-R-]
SS =0030 0000000000000000 ffffffff 00cf9300 DPL=0 DS   [-WA]
DS =0030 0000000000000000 ffffffff 00cf9300 DPL=0 DS   [-WA]
FS =0030 0000000000000000 ffffffff 00cf9300 DPL=0 DS   [-WA]
GS =0030 0000000000000000 ffffffff 00cf9300 DPL=0 DS   [-WA]
LDT=0000 0000000000000000 0000ffff 00008200 DPL=0 LDT
TR =0000 0000000000000000 0000ffff 00008b00 DPL=0 TSS64-busy
GDT=     000000003f5dc000 00000047
IDT=     000000003f241018 00000fff
CR0=80010033 CR2=0000000000000000 CR3=000000003f801000 CR4=00000668
DR0=0000000000000000 DR1=0000000000000000 DR2=0000000000000000 DR3=0000000000000000 
DR6=00000000ffff0ff0 DR7=0000000000000400
CCS=0000000000000004 CCD=0000000000000059 CCO=EFLAGS
EFER=0000000000000d00
Servicing hardware INT=0x20
    51: v=20 e=0000 i=0 cpl=0 IP=0038:000000003fefb561 pc=000000003fefb561 SP=0030:000000003fefa738 env->regs[R_EAX]=000000003eaa31a0
RAX=000000003eaa31a0 RBX=0000000000000001 RCX=000000003eaa3598 RDX=000000003ff13610
RSI=000000003fefa918 RDI=000000003eb5f518 RBP=000000003fefa7b0 RSP=000000003fefa738
R8 =000000003fefa838 R9 =000000003f4ecf98 R10=000000003ff13780 R11=000000000000000b
R12=000000003e30ed18 R13=000000003f4ecf98 R14=000000003fefa838 R15=000000003ff13520
RIP=000000003fefb561 RFL=00000202 [-------] CPL=0 II=0 A20=1 SMM=0 HLT=0
ES =0030 0000000000000000 ffffffff 00cf9300 DPL=0 DS   [-WA]
CS =0038 0000000000000000 ffffffff 00af9a00 DPL=0 CS64 [-R-]
SS =0030 0000000000000000 ffffffff 00cf9300 DPL=0 DS   [-WA]
DS =0030 0000000000000000 ffffffff 00cf9300 DPL=0 DS   [-WA]
FS =0030 0000000000000000 ffffffff 00cf9300 DPL=0 DS   [-WA]
GS =0030 0000000000000000 ffffffff 00cf9300 DPL=0 DS   [-WA]
LDT=0000 0000000000000000 0000ffff 00008200 DPL=0 LDT
TR =0000 0000000000000000 0000ffff 00008b00 DPL=0 TSS64-busy
GDT=     000000003f5dc000 00000047
IDT=     000000003f241018 00000fff
CR0=80010033 CR2=0000000000000000 CR3=000000003f801000 CR4=00000668
DR0=0000000000000000 DR1=0000000000000000 DR2=0000000000000000 DR3=0000000000000000 
DR6=00000000ffff0ff0 DR7=0000000000000400
CCS=0000000000000000 CCD=00000000000bbf80 CCO=EFLAGS
EFER=0000000000000d00
Servicing hardware INT=0x20
    52: v=20 e=0000 i=0 cpl=0 IP=0038:000000003ee0f31e pc=000000003ee0f31e SP=0030:000000003fefa500 env->regs[R_EAX]=00000000003823a6
RAX=00000000003823a6 RBX=0000000000382a6d RCX=0000000000000608 RDX=0000000000000608
RSI=0000000000000000 RDI=0000000000000dfb RBP=000000003fefa550 RSP=000000003fefa500
R8 =00000000000000af R9 =0000000000000608 R10=0000000000000001 R11=000000003e8e90d0
R12=0000000000000000 R13=000000003e8eaef8 R14=0000000000000004 R15=000000003e8eaf18
RIP=000000003ee0f31e RFL=00000293 [--S-A-C] CPL=0 II=0 A20=1 SMM=0 HLT=0
ES =0030 0000000000000000 ffffffff 00cf9300 DPL=0 DS   [-WA]
CS =0038 0000000000000000 ffffffff 00af9a00 DPL=0 CS64 [-R-]
SS =0030 0000000000000000 ffffffff 00cf9300 DPL=0 DS   [-WA]
DS =0030 0000000000000000 ffffffff 00cf9300 DPL=0 DS   [-WA]
FS =0030 0000000000000000 ffffffff 00cf9300 DPL=0 DS   [-WA]
GS =0030 0000000000000000 ffffffff 00cf9300 DPL=0 DS   [-WA]
LDT=0000 0000000000000000 0000ffff 00008200 DPL=0 LDT
TR =0000 0000000000000000 0000ffff 00008b00 DPL=0 TSS64-busy
GDT=     000000003f5dc000 00000047
IDT=     000000003f241018 00000fff
CR0=80010033 CR2=0000000000000000 CR3=000000003f801000 CR4=00000668
DR0=0000000000000000 DR1=0000000000000000 DR2=0000000000000000 DR3=0000000000000000 
DR6=00000000ffff0ff0 DR7=0000000000000400
CCS=0000000000000091 CCD=00000000000005fe CCO=EFLAGS
EFER=0000000000000d00
Servicing hardware INT=0x20
    53: v=20 e=0000 i=0 cpl=0 IP=0038:000000003ee0f31e pc=000000003ee0f31e SP=0030:000000003fefa500 env->regs[R_EAX]=000000000038d385
RAX=000000000038d385 RBX=000000000038e0ca RCX=0000000000000608 RDX=0000000000000608
RSI=0000000000000000 RDI=0000000000000dfb RBP=000000003fefa550 RSP=000000003fefa500
R8 =00000000000000af R9 =0000000000000608 R10=0000000000000001 R11=000000003e8e90d0
R12=0000000000000000 R13=000000003e8eaef8 R14=0000000000000004 R15=000000003e8eaf18
RIP=000000003ee0f31e RFL=00000293 [--S-A-C] CPL=0 II=0 A20=1 SMM=0 HLT=0
ES =0030 0000000000000000 ffffffff 00cf9300 DPL=0 DS   [-WA]
CS =0038 0000000000000000 ffffffff 00af9a00 DPL=0 CS64 [-R-]
SS =0030 0000000000000000 ffffffff 00cf9300 DPL=0 DS   [-WA]
DS =0030 0000000000000000 ffffffff 00cf9300 DPL=0 DS   [-WA]
FS =0030 0000000000000000 ffffffff 00cf9300 DPL=0 DS   [-WA]
GS =0030 0000000000000000 ffffffff 00cf9300 DPL=0 DS   [-WA]
LDT=0000 0000000000000000 0000ffff 00008200 DPL=0 LDT
TR =0000 0000000000000000 0000ffff 00008b00 DPL=0 TSS64-busy
GDT=     000000003f5dc000 00000047
IDT=     000000003f241018 00000fff
CR0=80010033 CR2=0000000000000000 CR3=000000003f801000 CR4=00000668
DR0=0000000000000000 DR1=0000000000000000 DR2=0000000000000000 DR3=0000000000000000 
DR6=00000000ffff0ff0 DR7=0000000000000400
CCS=0000000000000091 CCD=0000000000000cfe CCO=EFLAGS
EFER=0000000000000d00
Servicing hardware INT=0x20
    54: v=20 e=0000 i=0 cpl=0 IP=0038:000000003ee0f372 pc=000000003ee0f372 SP=0030:000000003fefa580 env->regs[R_EAX]=0000000000000660
RAX=0000000000000660 RBX=00000000003942f6 RCX=0000000000000608 RDX=0000000000393c96
RSI=0000000000000000 RDI=0000000000000dfb RBP=000000003fefa590 RSP=000000003fefa580
R8 =00000000000000af R9 =0000000000000608 R10=0000000000000001 R11=000000003e8e90d0
R12=0000000000000000 R13=000000003e8eaef8 R14=0000000000000004 R15=000000003e8eaf18
RIP=000000003ee0f372 RFL=00000206 [-----P-] CPL=0 II=0 A20=1 SMM=0 HLT=0
ES =0030 0000000000000000 ffffffff 00cf9300 DPL=0 DS   [-WA]
CS =0038 0000000000000000 ffffffff 00af9a00 DPL=0 CS64 [-R-]
SS =0030 0000000000000000 ffffffff 00cf9300 DPL=0 DS   [-WA]
DS =0030 0000000000000000 ffffffff 00cf9300 DPL=0 DS   [-WA]
FS =0030 0000000000000000 ffffffff 00cf9300 DPL=0 DS   [-WA]
GS =0030 0000000000000000 ffffffff 00cf9300 DPL=0 DS   [-WA]
LDT=0000 0000000000000000 0000ffff 00008200 DPL=0 LDT
TR =0000 0000000000000000 0000ffff 00008b00 DPL=0 TSS64-busy
GDT=     000000003f5dc000 00000047
IDT=     000000003f241018 00000fff
CR0=80010033 CR2=0000000000000000 CR3=000000003f801000 CR4=00000668
DR0=0000000000000000 DR1=0000000000000000 DR2=0000000000000000 DR3=0000000000000000 
DR6=00000000ffff0ff0 DR7=0000000000000400
CCS=0000000000000004 CCD=0000000000000660 CCO=EFLAGS
EFER=0000000000000d00
Servicing hardware INT=0x20
    55: v=20 e=0000 i=0 cpl=0 IP=0038:000000003ee0f31e pc=000000003ee0f31e SP=0030:000000003fefa500 env->regs[R_EAX]=000000000039c900
RAX=000000000039c900 RBX=000000000039cee6 RCX=0000000000000608 RDX=0000000000000608
RSI=0000000000000000 RDI=0000000000000dfb RBP=000000003fefa550 RSP=000000003fefa500
R8 =00000000000000af R9 =0000000000000608 R10=0000000000000001 R11=000000003e8e90d0
R12=0000000000000000 R13=000000003e8eaef8 R14=0000000000000004 R15=000000003e8eaf18
RIP=000000003ee0f31e RFL=00000293 [--S-A-C] CPL=0 II=0 A20=1 SMM=0 HLT=0
ES =0030 0000000000000000 ffffffff 00cf9300 DPL=0 DS   [-WA]
CS =0038 0000000000000000 ffffffff 00af9a00 DPL=0 CS64 [-R-]
SS =0030 0000000000000000 ffffffff 00cf9300 DPL=0 DS   [-WA]
DS =0030 0000000000000000 ffffffff 00cf9300 DPL=0 DS   [-WA]
FS =0030 0000000000000000 ffffffff 00cf9300 DPL=0 DS   [-WA]
GS =0030 0000000000000000 ffffffff 00cf9300 DPL=0 DS   [-WA]
LDT=0000 0000000000000000 0000ffff 00008200 DPL=0 LDT
TR =0000 0000000000000000 0000ffff 00008b00 DPL=0 TSS64-busy
GDT=     000000003f5dc000 00000047
IDT=     000000003f241018 00000fff
CR0=80010033 CR2=0000000000000000 CR3=000000003f801000 CR4=00000668
DR0=0000000000000000 DR1=0000000000000000 DR2=0000000000000000 DR3=0000000000000000 
DR6=00000000ffff0ff0 DR7=0000000000000400
CCS=0000000000000091 CCD=00000000000005fe CCO=EFLAGS
EFER=0000000000000d00
Servicing hardware INT=0x20
    56: v=20 e=0000 i=0 cpl=0 IP=0038:000000003ff1099c pc=000000003ff1099c SP=0030:000000003fefa290 env->regs[R_EAX]=00000000000000af
RAX=00000000000000af RBX=0000000000001fff RCX=0000000000000000 RDX=000000003e2fe000
RSI=000000003ff14508 RDI=000000003e300000 RBP=000000003fefa310 RSP=000000003fefa290
R8 =00000000000000af R9 =000000003e2ff9f5 R10=000000003ff14a78 R11=000000003ff11ef0
R12=000000003e2fffff R13=0000000000000002 R14=000000003e2fe000 R15=000000003e300000
RIP=000000003ff1099c RFL=00000206 [-----P-] CPL=0 II=0 A20=1 SMM=0 HLT=0
ES =0030 0000000000000000 ffffffff 00cf9300 DPL=0 DS   [-WA]
CS =0038 0000000000000000 ffffffff 00af9a00 DPL=0 CS64 [-R-]
SS =0030 0000000000000000 ffffffff 00cf9300 DPL=0 DS   [-WA]
DS =0030 0000000000000000 ffffffff 00cf9300 DPL=0 DS   [-WA]
FS =0030 0000000000000000 ffffffff 00cf9300 DPL=0 DS   [-WA]
GS =0030 0000000000000000 ffffffff 00cf9300 DPL=0 DS   [-WA]
LDT=0000 0000000000000000 0000ffff 00008200 DPL=0 LDT
TR =0000 0000000000000000 0000ffff 00008b00 DPL=0 TSS64-busy
GDT=     000000003f5dc000 00000047
IDT=     000000003f241018 00000fff
CR0=80010033 CR2=0000000000000000 CR3=000000003f801000 CR4=00000668
DR0=0000000000000000 DR1=0000000000000000 DR2=0000000000000000 DR3=0000000000000000 
DR6=00000000ffff0ff0 DR7=0000000000000400
CCS=0000000000000004 CCD=0000000000002000 CCO=EFLAGS
EFER=0000000000000d00
Servicing hardware INT=0x20
    57: v=20 e=0000 i=0 cpl=0 IP=0038:000000003eae3b53 pc=000000003eae3b53 SP=0030:000000003fef9c30 env->regs[R_EAX]=00000000003ad680
RAX=00000000003ad680 RBX=0000000000000064 RCX=0000000000000608 RDX=0000000000000608
RSI=00000000003ad796 RDI=000000003ea5f828 RBP=000000003fef9c80 RSP=000000003fef9c30
R8 =000000003fef9c8c R9 =0000000000000608 R10=0000000000000000 R11=0000000000000002
R12=0000000000000000 R13=0000000000000000 R14=8000000000000000 R15=8000000000000006
RIP=000000003eae3b53 RFL=00000293 [--S-A-C] CPL=0 II=0 A20=1 SMM=0 HLT=0
ES =0030 0000000000000000 ffffffff 00cf9300 DPL=0 DS   [-WA]
CS =0038 0000000000000000 ffffffff 00af9a00 DPL=0 CS64 [-R-]
SS =0030 0000000000000000 ffffffff 00cf9300 DPL=0 DS   [-WA]
DS =0030 0000000000000000 ffffffff 00cf9300 DPL=0 DS   [-WA]
FS =0030 0000000000000000 ffffffff 00cf9300 DPL=0 DS   [-WA]
GS =0030 0000000000000000 ffffffff 00cf9300 DPL=0 DS   [-WA]
LDT=0000 0000000000000000 0000ffff 00008200 DPL=0 LDT
TR =0000 0000000000000000 0000ffff 00008b00 DPL=0 TSS64-busy
GDT=     000000003f5dc000 00000047
IDT=     000000003f241018 00000fff
CR0=80010033 CR2=0000000000000000 CR3=000000003f801000 CR4=00000668
DR0=0000000000000000 DR1=0000000000000000 DR2=0000000000000000 DR3=0000000000000000 
DR6=00000000ffff0ff0 DR7=0000000000000400
CCS=0000000000000091 CCD=00000000000000fe CCO=EFLAGS
EFER=0000000000000d00
Servicing hardware INT=0x20
    58: v=20 e=0000 i=0 cpl=0 IP=0038:000000003eae3b53 pc=000000003eae3b53 SP=0030:000000003fef9c90 env->regs[R_EAX]=00000000003b625b
RAX=00000000003b625b RBX=0000000000000064 RCX=0000000000000608 RDX=0000000000000608
RSI=00000000003b6371 RDI=000000003ea5f828 RBP=000000003fef9ce0 RSP=000000003fef9c90
R8 =000000003fef9cec R9 =0000000000000608 R10=0000000000000000 R11=0000000000000002
R12=0000000000000000 R13=0000000000000000 R14=8000000000000000 R15=8000000000000006
RIP=000000003eae3b53 RFL=00000293 [--S-A-C] CPL=0 II=0 A20=1 SMM=0 HLT=0
ES =0030 0000000000000000 ffffffff 00cf9300 DPL=0 DS   [-WA]
CS =0038 0000000000000000 ffffffff 00af9a00 DPL=0 CS64 [-R-]
SS =0030 0000000000000000 ffffffff 00cf9300 DPL=0 DS   [-WA]
DS =0030 0000000000000000 ffffffff 00cf9300 DPL=0 DS   [-WA]
FS =0030 0000000000000000 ffffffff 00cf9300 DPL=0 DS   [-WA]
GS =0030 0000000000000000 ffffffff 00cf9300 DPL=0 DS   [-WA]
LDT=0000 0000000000000000 0000ffff 00008200 DPL=0 LDT
TR =0000 0000000000000000 0000ffff 00008b00 DPL=0 TSS64-busy
GDT=     000000003f5dc000 00000047
IDT=     000000003f241018 00000fff
CR0=80010033 CR2=0000000000000000 CR3=000000003f801000 CR4=00000668
DR0=0000000000000000 DR1=0000000000000000 DR2=0000000000000000 DR3=0000000000000000 
DR6=00000000ffff0ff0 DR7=0000000000000400
CCS=0000000000000091 CCD=00000000000000fe CCO=EFLAGS
EFER=0000000000000d00
Servicing hardware INT=0x20
    59: v=20 e=0000 i=0 cpl=0 IP=0038:000000003eae3b53 pc=000000003eae3b53 SP=0030:000000003fef97d0 env->regs[R_EAX]=00000000003bf0cf
RAX=00000000003bf0cf RBX=0000000000000064 RCX=0000000000000608 RDX=0000000000000608
RSI=00000000003bf1b7 RDI=000000003ea5f828 RBP=000000003fef9820 RSP=000000003fef97d0
R8 =000000003fef982c R9 =0000000000000608 R10=0000000000000000 R11=0000000000000002
R12=0000000000000000 R13=0000000000000000 R14=8000000000000000 R15=8000000000000006
RIP=000000003eae3b53 RFL=00000293 [--S-A-C] CPL=0 II=0 A20=1 SMM=0 HLT=0
ES =0030 0000000000000000 ffffffff 00cf9300 DPL=0 DS   [-WA]
CS =0038 0000000000000000 ffffffff 00af9a00 DPL=0 CS64 [-R-]
SS =0030 0000000000000000 ffffffff 00cf9300 DPL=0 DS   [-WA]
DS =0030 0000000000000000 ffffffff 00cf9300 DPL=0 DS   [-WA]
FS =0030 0000000000000000 ffffffff 00cf9300 DPL=0 DS   [-WA]
GS =0030 0000000000000000 ffffffff 00cf9300 DPL=0 DS   [-WA]
LDT=0000 0000000000000000 0000ffff 00008200 DPL=0 LDT
TR =0000 0000000000000000 0000ffff 00008b00 DPL=0 TSS64-busy
GDT=     000000003f5dc000 00000047
IDT=     000000003f241018 00000fff
CR0=80010033 CR2=0000000000000000 CR3=000000003f801000 CR4=00000668
DR0=0000000000000000 DR1=0000000000000000 DR2=0000000000000000 DR3=0000000000000000 
DR6=00000000ffff0ff0 DR7=0000000000000400
CCS=0000000000000091 CCD=00000000000000fe CCO=EFLAGS
EFER=0000000000000d00
Servicing hardware INT=0x20
    60: v=20 e=0000 i=0 cpl=0 IP=0038:000000003eae3b53 pc=000000003eae3b53 SP=0030:000000003fef9830 env->regs[R_EAX]=00000000003c7b59
RAX=00000000003c7b59 RBX=0000000000000064 RCX=0000000000000608 RDX=0000000000000608
RSI=00000000003c7c93 RDI=000000003ea5f828 RBP=000000003fef9880 RSP=000000003fef9830
R8 =000000003fef988c R9 =0000000000000608 R10=0000000000000000 R11=0000000000000002
R12=0000000000000000 R13=0000000000000000 R14=8000000000000000 R15=8000000000000006
RIP=000000003eae3b53 RFL=00000293 [--S-A-C] CPL=0 II=0 A20=1 SMM=0 HLT=0
ES =0030 0000000000000000 ffffffff 00cf9300 DPL=0 DS   [-WA]
CS =0038 0000000000000000 ffffffff 00af9a00 DPL=0 CS64 [-R-]
SS =0030 0000000000000000 ffffffff 00cf9300 DPL=0 DS   [-WA]
DS =0030 0000000000000000 ffffffff 00cf9300 DPL=0 DS   [-WA]
FS =0030 0000000000000000 ffffffff 00cf9300 DPL=0 DS   [-WA]
GS =0030 0000000000000000 ffffffff 00cf9300 DPL=0 DS   [-WA]
LDT=0000 0000000000000000 0000ffff 00008200 DPL=0 LDT
TR =0000 0000000000000000 0000ffff 00008b00 DPL=0 TSS64-busy
GDT=     000000003f5dc000 00000047
IDT=     000000003f241018 00000fff
CR0=80010033 CR2=0000000000000000 CR3=000000003f801000 CR4=00000668
DR0=0000000000000000 DR1=0000000000000000 DR2=0000000000000000 DR3=0000000000000000 
DR6=00000000ffff0ff0 DR7=0000000000000400
CCS=0000000000000091 CCD=00000000000000fe CCO=EFLAGS
EFER=0000000000000d00
Servicing hardware INT=0x20
    61: v=20 e=0000 i=0 cpl=0 IP=0038:000000003eae3b53 pc=000000003eae3b53 SP=0030:000000003fef9870 env->regs[R_EAX]=00000000003d05bc
RAX=00000000003d05bc RBX=0000000000000064 RCX=0000000000000608 RDX=0000000000000608
RSI=00000000003d060a RDI=000000003ea5f828 RBP=000000003fef98c0 RSP=000000003fef9870
R8 =000000003fef98cc R9 =0000000000000608 R10=0000000000000000 R11=0000000000000002
R12=0000000000000000 R13=0000000000000000 R14=8000000000000000 R15=8000000000000006
RIP=000000003eae3b53 RFL=00000293 [--S-A-C] CPL=0 II=0 A20=1 SMM=0 HLT=0
ES =0030 0000000000000000 ffffffff 00cf9300 DPL=0 DS   [-WA]
CS =0038 0000000000000000 ffffffff 00af9a00 DPL=0 CS64 [-R-]
SS =0030 0000000000000000 ffffffff 00cf9300 DPL=0 DS   [-WA]
DS =0030 0000000000000000 ffffffff 00cf9300 DPL=0 DS   [-WA]
FS =0030 0000000000000000 ffffffff 00cf9300 DPL=0 DS   [-WA]
GS =0030 0000000000000000 ffffffff 00cf9300 DPL=0 DS   [-WA]
LDT=0000 0000000000000000 0000ffff 00008200 DPL=0 LDT
TR =0000 0000000000000000 0000ffff 00008b00 DPL=0 TSS64-busy
GDT=     000000003f5dc000 00000047
IDT=     000000003f241018 00000fff
CR0=80010033 CR2=0000000000000000 CR3=000000003f801000 CR4=00000668
DR0=0000000000000000 DR1=0000000000000000 DR2=0000000000000000 DR3=0000000000000000 
DR6=00000000ffff0ff0 DR7=0000000000000400
CCS=0000000000000091 CCD=fffffffffffffffe CCO=EFLAGS
EFER=0000000000000d00
Servicing hardware INT=0x20
    62: v=20 e=0000 i=0 cpl=0 IP=0038:000000003eae3b53 pc=000000003eae3b53 SP=0030:000000003fef98d0 env->regs[R_EAX]=00000000003d91b7
RAX=00000000003d91b7 RBX=0000000000000064 RCX=0000000000000608 RDX=0000000000000608
RSI=00000000003d925a RDI=000000003ea5f828 RBP=000000003fef9920 RSP=000000003fef98d0
R8 =000000003fef992c R9 =0000000000000608 R10=0000000000000000 R11=0000000000000002
R12=0000000000000000 R13=0000000000000000 R14=8000000000000000 R15=8000000000000006
RIP=000000003eae3b53 RFL=00000293 [--S-A-C] CPL=0 II=0 A20=1 SMM=0 HLT=0
ES =0030 0000000000000000 ffffffff 00cf9300 DPL=0 DS   [-WA]
CS =0038 0000000000000000 ffffffff 00af9a00 DPL=0 CS64 [-R-]
SS =0030 0000000000000000 ffffffff 00cf9300 DPL=0 DS   [-WA]
DS =0030 0000000000000000 ffffffff 00cf9300 DPL=0 DS   [-WA]
FS =0030 0000000000000000 ffffffff 00cf9300 DPL=0 DS   [-WA]
GS =0030 0000000000000000 ffffffff 00cf9300 DPL=0 DS   [-WA]
LDT=0000 0000000000000000 0000ffff 00008200 DPL=0 LDT
TR =0000 0000000000000000 0000ffff 00008b00 DPL=0 TSS64-busy
GDT=     000000003f5dc000 00000047
IDT=     000000003f241018 00000fff
CR0=80010033 CR2=0000000000000000 CR3=000000003f801000 CR4=00000668
DR0=0000000000000000 DR1=0000000000000000 DR2=0000000000000000 DR3=0000000000000000 
DR6=00000000ffff0ff0 DR7=0000000000000400
CCS=0000000000000091 CCD=fffffffffffffffe CCO=EFLAGS
EFER=0000000000000d00
Servicing hardware INT=0x20
    63: v=20 e=0000 i=0 cpl=0 IP=0038:000000003eae3ba1 pc=000000003eae3ba1 SP=0030:000000003fef98d0 env->regs[R_EAX]=000000000000003f
RAX=000000000000003f RBX=0000000000000064 RCX=0000000000000608 RDX=00000000003e1d58
RSI=00000000003e1d97 RDI=000000003ea5f828 RBP=000000003fef9900 RSP=000000003fef98d0
R8 =000000003fef98cc R9 =0000000000000608 R10=0000000000000000 R11=0000000000000002
R12=0000000000000000 R13=0000000000000000 R14=8000000000000000 R15=8000000000000006
RIP=000000003eae3ba1 RFL=00000206 [-----P-] CPL=0 II=0 A20=1 SMM=0 HLT=0
ES =0030 0000000000000000 ffffffff 00cf9300 DPL=0 DS   [-WA]
CS =0038 0000000000000000 ffffffff 00af9a00 DPL=0 CS64 [-R-]
SS =0030 0000000000000000 ffffffff 00cf9300 DPL=0 DS   [-WA]
DS =0030 0000000000000000 ffffffff 00cf9300 DPL=0 DS   [-WA]
FS =0030 0000000000000000 ffffffff 00cf9300 DPL=0 DS   [-WA]
GS =0030 0000000000000000 ffffffff 00cf9300 DPL=0 DS   [-WA]
LDT=0000 0000000000000000 0000ffff 00008200 DPL=0 LDT
TR =0000 0000000000000000 0000ffff 00008b00 DPL=0 TSS64-busy
GDT=     000000003f5dc000 00000047
IDT=     000000003f241018 00000fff
CR0=80010033 CR2=0000000000000000 CR3=000000003f801000 CR4=00000668
DR0=0000000000000000 DR1=0000000000000000 DR2=0000000000000000 DR3=0000000000000000 
DR6=00000000ffff0ff0 DR7=0000000000000400
CCS=0000000000000004 CCD=000000000000003f CCO=EFLAGS
EFER=0000000000000d00
Servicing hardware INT=0x20
    64: v=20 e=0000 i=0 cpl=0 IP=0038:000000003eae3b53 pc=000000003eae3b53 SP=0030:000000003fef9870 env->regs[R_EAX]=00000000003ea948
RAX=00000000003ea948 RBX=0000000000000064 RCX=0000000000000608 RDX=0000000000000608
RSI=00000000003eaa3e RDI=000000003ea5f828 RBP=000000003fef98c0 RSP=000000003fef9870
R8 =000000003fef98cc R9 =0000000000000608 R10=0000000000000000 R11=0000000000000002
R12=0000000000000000 R13=0000000000000000 R14=8000000000000000 R15=8000000000000006
RIP=000000003eae3b53 RFL=00000293 [--S-A-C] CPL=0 II=0 A20=1 SMM=0 HLT=0
ES =0030 0000000000000000 ffffffff 00cf9300 DPL=0 DS   [-WA]
CS =0038 0000000000000000 ffffffff 00af9a00 DPL=0 CS64 [-R-]
SS =0030 0000000000000000 ffffffff 00cf9300 DPL=0 DS   [-WA]
DS =0030 0000000000000000 ffffffff 00cf9300 DPL=0 DS   [-WA]
FS =0030 0000000000000000 ffffffff 00cf9300 DPL=0 DS   [-WA]
GS =0030 0000000000000000 ffffffff 00cf9300 DPL=0 DS   [-WA]
LDT=0000 0000000000000000 0000ffff 00008200 DPL=0 LDT
TR =0000 0000000000000000 0000ffff 00008b00 DPL=0 TSS64-busy
GDT=     000000003f5dc000 00000047
IDT=     000000003f241018 00000fff
CR0=80010033 CR2=0000000000000000 CR3=000000003f801000 CR4=00000668
DR0=0000000000000000 DR1=0000000000000000 DR2=0000000000000000 DR3=0000000000000000 
DR6=00000000ffff0ff0 DR7=0000000000000400
CCS=0000000000000091 CCD=00000000000000fe CCO=EFLAGS
EFER=0000000000000d00
Servicing hardware INT=0x20
    65: v=20 e=0000 i=0 cpl=0 IP=0038:000000003eae8173 pc=000000003eae8173 SP=0030:000000003fef9b48 env->regs[R_EAX]=0000000000000000
RAX=0000000000000000 RBX=0000000000000000 RCX=0000000000010001 RDX=0000000000000000
RSI=0000000000000001 RDI=000000003e845068 RBP=000000003fef9bd0 RSP=000000003fef9b48
R8 =0000000000000000 R9 =0000000000000000 R10=0000000000000000 R11=000000003e97d6e0
R12=000000003fef9c80 R13=000000003e97d680 R14=0000000000000000 R15=000000003fef9ca0
RIP=000000003eae8173 RFL=00010246 [---Z-P-] CPL=0 II=0 A20=1 SMM=0 HLT=0
ES =0030 0000000000000000 ffffffff 00cf9300 DPL=0 DS   [-WA]
CS =0038 0000000000000000 ffffffff 00af9a00 DPL=0 CS64 [-R-]
SS =0030 0000000000000000 ffffffff 00cf9300 DPL=0 DS   [-WA]
DS =0030 0000000000000000 ffffffff 00cf9300 DPL=0 DS   [-WA]
FS =0030 0000000000000000 ffffffff 00cf9300 DPL=0 DS   [-WA]
GS =0030 0000000000000000 ffffffff 00cf9300 DPL=0 DS   [-WA]
LDT=0000 0000000000000000 0000ffff 00008200 DPL=0 LDT
TR =0000 0000000000000000 0000ffff 00008b00 DPL=0 TSS64-busy
GDT=     000000003f5dc000 00000047
IDT=     000000003f241018 00000fff
CR0=80010033 CR2=0000000000000000 CR3=000000003f801000 CR4=00000668
DR0=0000000000000000 DR1=0000000000000000 DR2=0000000000000000 DR3=0000000000000000 
DR6=00000000ffff0ff0 DR7=0000000000000400
CCS=0000000000000044 CCD=0000000000000000 CCO=EFLAGS
EFER=0000000000000d00
Servicing hardware INT=0x20
    66: v=20 e=0000 i=0 cpl=0 IP=0038:000000003eae3b53 pc=000000003eae3b53 SP=0030:000000003fef9ad0 env->regs[R_EAX]=00000000003fc0e1
RAX=00000000003fc0e1 RBX=0000000000000064 RCX=0000000000000608 RDX=0000000000000608
RSI=00000000003fc115 RDI=000000003ea5f828 RBP=000000003fef9b20 RSP=000000003fef9ad0
R8 =000000003fef9b2c R9 =0000000000000608 R10=0000000000000000 R11=0000000000000002
R12=0000000000000000 R13=0000000000000000 R14=8000000000000000 R15=8000000000000006
RIP=000000003eae3b53 RFL=00000293 [--S-A-C] CPL=0 II=0 A20=1 SMM=0 HLT=0
ES =0030 0000000000000000 ffffffff 00cf9300 DPL=0 DS   [-WA]
CS =0038 0000000000000000 ffffffff 00af9a00 DPL=0 CS64 [-R-]
SS =0030 0000000000000000 ffffffff 00cf9300 DPL=0 DS   [-WA]
DS =0030 0000000000000000 ffffffff 00cf9300 DPL=0 DS   [-WA]
FS =0030 0000000000000000 ffffffff 00cf9300 DPL=0 DS   [-WA]
GS =0030 0000000000000000 ffffffff 00cf9300 DPL=0 DS   [-WA]
LDT=0000 0000000000000000 0000ffff 00008200 DPL=0 LDT
TR =0000 0000000000000000 0000ffff 00008b00 DPL=0 TSS64-busy
GDT=     000000003f5dc000 00000047
IDT=     000000003f241018 00000fff
CR0=80010033 CR2=0000000000000000 CR3=000000003f801000 CR4=00000668
DR0=0000000000000000 DR1=0000000000000000 DR2=0000000000000000 DR3=0000000000000000 
DR6=00000000ffff0ff0 DR7=0000000000000400
CCS=0000000000000091 CCD=fffffffffffffffe CCO=EFLAGS
EFER=0000000000000d00
Servicing hardware INT=0x20
    67: v=20 e=0000 i=0 cpl=0 IP=0038:000000003eae3ba1 pc=000000003eae3ba1 SP=0030:000000003fef9980 env->regs[R_EAX]=000000000000011a
RAX=000000000000011a RBX=0000000000000064 RCX=0000000000000608 RDX=0000000000404c97
RSI=0000000000404db1 RDI=000000003ea5f828 RBP=000000003fef99b0 RSP=000000003fef9980
R8 =000000003fef997c R9 =0000000000000608 R10=0000000000000000 R11=0000000000000002
R12=0000000000000000 R13=0000000000000000 R14=8000000000000000 R15=8000000000000006
RIP=000000003eae3ba1 RFL=00000202 [-------] CPL=0 II=0 A20=1 SMM=0 HLT=0
ES =0030 0000000000000000 ffffffff 00cf9300 DPL=0 DS   [-WA]
CS =0038 0000000000000000 ffffffff 00af9a00 DPL=0 CS64 [-R-]
SS =0030 0000000000000000 ffffffff 00cf9300 DPL=0 DS   [-WA]
DS =0030 0000000000000000 ffffffff 00cf9300 DPL=0 DS   [-WA]
FS =0030 0000000000000000 ffffffff 00cf9300 DPL=0 DS   [-WA]
GS =0030 0000000000000000 ffffffff 00cf9300 DPL=0 DS   [-WA]
LDT=0000 0000000000000000 0000ffff 00008200 DPL=0 LDT
TR =0000 0000000000000000 0000ffff 00008b00 DPL=0 TSS64-busy
GDT=     000000003f5dc000 00000047
IDT=     000000003f241018 00000fff
CR0=80010033 CR2=0000000000000000 CR3=000000003f801000 CR4=00000668
DR0=0000000000000000 DR1=0000000000000000 DR2=0000000000000000 DR3=0000000000000000 
DR6=00000000ffff0ff0 DR7=0000000000000400
CCS=0000000000000000 CCD=000000000000011a CCO=EFLAGS
EFER=0000000000000d00
Servicing hardware INT=0x20
    68: v=20 e=0000 i=0 cpl=0 IP=0038:000000003eae3b53 pc=000000003eae3b53 SP=0030:000000003fef9980 env->regs[R_EAX]=000000000040db33
RAX=000000000040db33 RBX=0000000000000064 RCX=0000000000000608 RDX=0000000000000608
RSI=000000000040dc5b RDI=000000003ea5f828 RBP=000000003fef99d0 RSP=000000003fef9980
R8 =000000003fef99dc R9 =0000000000000608 R10=0000000000000000 R11=0000000000000002
R12=0000000000000000 R13=0000000000000000 R14=8000000000000000 R15=8000000000000006
RIP=000000003eae3b53 RFL=00000293 [--S-A-C] CPL=0 II=0 A20=1 SMM=0 HLT=0
ES =0030 0000000000000000 ffffffff 00cf9300 DPL=0 DS   [-WA]
CS =0038 0000000000000000 ffffffff 00af9a00 DPL=0 CS64 [-R-]
SS =0030 0000000000000000 ffffffff 00cf9300 DPL=0 DS   [-WA]
DS =0030 0000000000000000 ffffffff 00cf9300 DPL=0 DS   [-WA]
FS =0030 0000000000000000 ffffffff 00cf9300 DPL=0 DS   [-WA]
GS =0030 0000000000000000 ffffffff 00cf9300 DPL=0 DS   [-WA]
LDT=0000 0000000000000000 0000ffff 00008200 DPL=0 LDT
TR =0000 0000000000000000 0000ffff 00008b00 DPL=0 TSS64-busy
GDT=     000000003f5dc000 00000047
IDT=     000000003f241018 00000fff
CR0=80010033 CR2=0000000000000000 CR3=000000003f801000 CR4=00000668
DR0=0000000000000000 DR1=0000000000000000 DR2=0000000000000000 DR3=0000000000000000 
DR6=00000000ffff0ff0 DR7=0000000000000400
CCS=0000000000000091 CCD=00000000000000fe CCO=EFLAGS
EFER=0000000000000d00
Servicing hardware INT=0x20
    69: v=20 e=0000 i=0 cpl=0 IP=0038:000000003ff004a5 pc=000000003ff004a5 SP=0030:000000003fefa3d0 env->regs[R_EAX]=0000000000000000
RAX=0000000000000000 RBX=0000000000000010 RCX=000000003e1c9e18 RDX=000000003ff13610
RSI=000000003eac6940 RDI=000000003e1c9e18 RBP=000000003fefa440 RSP=000000003fefa3d0
R8 =000000003fefa488 R9 =000000003eaf7c18 R10=000000003ff13780 R11=000000000000003a
R12=000000003e2ffd18 R13=000000003eaf7c18 R14=000000003fefa488 R15=000000003eac6920
RIP=000000003ff004a5 RFL=00000246 [---Z-P-] CPL=0 II=0 A20=1 SMM=0 HLT=0
ES =0030 0000000000000000 ffffffff 00cf9300 DPL=0 DS   [-WA]
CS =0038 0000000000000000 ffffffff 00af9a00 DPL=0 CS64 [-R-]
SS =0030 0000000000000000 ffffffff 00cf9300 DPL=0 DS   [-WA]
DS =0030 0000000000000000 ffffffff 00cf9300 DPL=0 DS   [-WA]
FS =0030 0000000000000000 ffffffff 00cf9300 DPL=0 DS   [-WA]
GS =0030 0000000000000000 ffffffff 00cf9300 DPL=0 DS   [-WA]
LDT=0000 0000000000000000 0000ffff 00008200 DPL=0 LDT
TR =0000 0000000000000000 0000ffff 00008b00 DPL=0 TSS64-busy
GDT=     000000003f5dc000 00000047
IDT=     000000003f241018 00000fff
CR0=80010033 CR2=0000000000000000 CR3=000000003f801000 CR4=00000668
DR0=0000000000000000 DR1=0000000000000000 DR2=0000000000000000 DR3=0000000000000000 
DR6=00000000ffff0ff0 DR7=0000000000000400
CCS=0000000000000044 CCD=0000000000000000 CCO=EFLAGS
EFER=0000000000000d00
Servicing hardware INT=0x20
    70: v=20 e=0000 i=0 cpl=0 IP=0038:000000003fefb561 pc=000000003fefb561 SP=0030:000000003fefa468 env->regs[R_EAX]=000000003e1b19a0
RAX=000000003e1b19a0 RBX=0000000000000001 RCX=000000003e1b0f18 RDX=000000003ff13610
RSI=000000003fefa648 RDI=000000003eaa2318 RBP=000000003fefa4e0 RSP=000000003fefa468
R8 =000000003fefa568 R9 =000000003f4ecf98 R10=000000003ff13780 R11=0000000000000030
R12=000000003e1a9d18 R13=000000003f4ecf98 R14=000000003fefa568 R15=000000003ff13520
RIP=000000003fefb561 RFL=00000206 [-----P-] CPL=0 II=0 A20=1 SMM=0 HLT=0
ES =0030 0000000000000000 ffffffff 00cf9300 DPL=0 DS   [-WA]
CS =0038 0000000000000000 ffffffff 00af9a00 DPL=0 CS64 [-R-]
SS =0030 0000000000000000 ffffffff 00cf9300 DPL=0 DS   [-WA]
DS =0030 0000000000000000 ffffffff 00cf9300 DPL=0 DS   [-WA]
FS =0030 0000000000000000 ffffffff 00cf9300 DPL=0 DS   [-WA]
GS =0030 0000000000000000 ffffffff 00cf9300 DPL=0 DS   [-WA]
LDT=0000 0000000000000000 0000ffff 00008200 DPL=0 LDT
TR =0000 0000000000000000 0000ffff 00008b00 DPL=0 TSS64-busy
GDT=     000000003f5dc000 00000047
IDT=     000000003f241018 00000fff
CR0=80010033 CR2=0000000000000000 CR3=000000003f801000 CR4=00000668
DR0=0000000000000000 DR1=0000000000000000 DR2=0000000000000000 DR3=0000000000000000 
DR6=00000000ffff0ff0 DR7=0000000000000400
CCS=0000000000000004 CCD=00000000008f1400 CCO=EFLAGS
EFER=0000000000000d00
Servicing hardware INT=0x20
    71: v=20 e=0000 i=0 cpl=0 IP=0038:000000003fefb561 pc=000000003fefb561 SP=0030:000000003fefa778 env->regs[R_EAX]=000000003eb17aa0
RAX=000000003eb17aa0 RBX=0000000000000010 RCX=000000003eb19018 RDX=000000003ff13610
RSI=000000003ebfb398 RDI=000000003ebfb398 RBP=000000003fefa7f0 RSP=000000003fefa778
R8 =000000003fefa838 R9 =000000003ea89d98 R10=000000003ff13780 R11=000000000000003a
R12=000000003ea3e530 R13=000000003ea89d98 R14=000000003fefa838 R15=000000003ea3e530
RIP=000000003fefb561 RFL=00000202 [-------] CPL=0 II=0 A20=1 SMM=0 HLT=0
ES =0030 0000000000000000 ffffffff 00cf9300 DPL=0 DS   [-WA]
CS =0038 0000000000000000 ffffffff 00af9a00 DPL=0 CS64 [-R-]
SS =0030 0000000000000000 ffffffff 00cf9300 DPL=0 DS   [-WA]
DS =0030 0000000000000000 ffffffff 00cf9300 DPL=0 DS   [-WA]
FS =0030 0000000000000000 ffffffff 00cf9300 DPL=0 DS   [-WA]
GS =0030 0000000000000000 ffffffff 00cf9300 DPL=0 DS   [-WA]
LDT=0000 0000000000000000 0000ffff 00008200 DPL=0 LDT
TR =0000 0000000000000000 0000ffff 00008b00 DPL=0 TSS64-busy
GDT=     000000003f5dc000 00000047
IDT=     000000003f241018 00000fff
CR0=80010033 CR2=0000000000000000 CR3=000000003f801000 CR4=00000668
DR0=0000000000000000 DR1=0000000000000000 DR2=0000000000000000 DR3=0000000000000000 
DR6=00000000ffff0ff0 DR7=0000000000000400
CCS=0000000000000000 CCD=00000000000e2380 CCO=EFLAGS
EFER=0000000000000d00
Servicing hardware INT=0x20
    72: v=20 e=0000 i=0 cpl=0 IP=0038:000000003fefc9f5 pc=000000003fefc9f5 SP=0030:000000003fefa688 env->regs[R_EAX]=000000003ee1fae0
RAX=000000003ee1fae0 RBX=0000000000000004 RCX=0000000000000004 RDX=000000003ea9d980
RSI=0000000000000000 RDI=0000000000000001 RBP=000000003fefa700 RSP=000000003fefa688
R8 =0000000000000001 R9 =0000000000000000 R10=000000003e1a9988 R11=0000000000000022
R12=000000003eaddd18 R13=000000003f4ecf98 R14=000000003fefa838 R15=000000003eaddd58
RIP=000000003fefc9f5 RFL=00000202 [-------] CPL=0 II=0 A20=1 SMM=0 HLT=0
ES =0030 0000000000000000 ffffffff 00cf9300 DPL=0 DS   [-WA]
CS =0038 0000000000000000 ffffffff 00af9a00 DPL=0 CS64 [-R-]
SS =0030 0000000000000000 ffffffff 00cf9300 DPL=0 DS   [-WA]
DS =0030 0000000000000000 ffffffff 00cf9300 DPL=0 DS   [-WA]
FS =0030 0000000000000000 ffffffff 00cf9300 DPL=0 DS   [-WA]
GS =0030 0000000000000000 ffffffff 00cf9300 DPL=0 DS   [-WA]
LDT=0000 0000000000000000 0000ffff 00008200 DPL=0 LDT
TR =0000 0000000000000000 0000ffff 00008b00 DPL=0 TSS64-busy
GDT=     000000003f5dc000 00000047
IDT=     000000003f241018 00000fff
CR0=80010033 CR2=0000000000000000 CR3=000000003f801000 CR4=00000668
DR0=0000000000000000 DR1=0000000000000000 DR2=0000000000000000 DR3=0000000000000000 
DR6=00000000ffff0ff0 DR7=0000000000000400
CCS=0000000000000000 CCD=000000003ee1fae0 CCO=EFLAGS
EFER=0000000000000d00
Servicing hardware INT=0x20
    73: v=20 e=0000 i=0 cpl=0 IP=0038:000000003fefbd33 pc=000000003fefbd33 SP=0030:000000003fefa790 env->regs[R_EAX]=0000000000000000
RAX=0000000000000000 RBX=000000003eaa2220 RCX=000000003eabf498 RDX=0000000000000000
RSI=000000003ff13500 RDI=000000003eabf498 RBP=000000003fefa7b0 RSP=000000003fefa790
R8 =000000003fefa910 R9 =000000003f4ecf98 R10=000000003e1a9988 R11=000000003ff11ef0
R12=000000003eabf4b0 R13=000000003ff13500 R14=000000003fefa910 R15=000000003ff13500
RIP=000000003fefbd33 RFL=00000283 [--S---C] CPL=0 II=0 A20=1 SMM=0 HLT=0
ES =0030 0000000000000000 ffffffff 00cf9300 DPL=0 DS   [-WA]
CS =0038 0000000000000000 ffffffff 00af9a00 DPL=0 CS64 [-R-]
SS =0030 0000000000000000 ffffffff 00cf9300 DPL=0 DS   [-WA]
DS =0030 0000000000000000 ffffffff 00cf9300 DPL=0 DS   [-WA]
FS =0030 0000000000000000 ffffffff 00cf9300 DPL=0 DS   [-WA]
GS =0030 0000000000000000 ffffffff 00cf9300 DPL=0 DS   [-WA]
LDT=0000 0000000000000000 0000ffff 00008200 DPL=0 LDT
TR =0000 0000000000000000 0000ffff 00008b00 DPL=0 TSS64-busy
GDT=     000000003f5dc000 00000047
IDT=     000000003f241018 00000fff
CR0=80010033 CR2=0000000000000000 CR3=000000003f801000 CR4=00000668
DR0=0000000000000000 DR1=0000000000000000 DR2=0000000000000000 DR3=0000000000000000 
DR6=00000000ffff0ff0 DR7=0000000000000400
CCS=0000000000000081 CCD=fffffffffffe2d70 CCO=EFLAGS
EFER=0000000000000d00
Servicing hardware INT=0x20
    74: v=20 e=0000 i=0 cpl=0 IP=0038:000000003fefb561 pc=000000003fefb561 SP=0030:000000003fefa6c8 env->regs[R_EAX]=000000003e1b79a0
RAX=000000003e1b79a0 RBX=0000000000000001 RCX=000000003e1b7518 RDX=000000003ff13610
RSI=000000000000002b RDI=000000003eabf018 RBP=000000003fefa740 RSP=000000003fefa6c8
R8 =000000003fefa820 R9 =000000003f4ecf98 R10=000000003e1a9a08 R11=000000003ff11ef0
R12=000000003e1a8018 R13=000000003f4ecf98 R14=000000003fefa820 R15=000000003ff13500
RIP=000000003fefb561 RFL=00000206 [-----P-] CPL=0 II=0 A20=1 SMM=0 HLT=0
ES =0030 0000000000000000 ffffffff 00cf9300 DPL=0 DS   [-WA]
CS =0038 0000000000000000 ffffffff 00af9a00 DPL=0 CS64 [-R-]
SS =0030 0000000000000000 ffffffff 00cf9300 DPL=0 DS   [-WA]
DS =0030 0000000000000000 ffffffff 00cf9300 DPL=0 DS   [-WA]
FS =0030 0000000000000000 ffffffff 00cf9300 DPL=0 DS   [-WA]
GS =0030 0000000000000000 ffffffff 00cf9300 DPL=0 DS   [-WA]
LDT=0000 0000000000000000 0000ffff 00008200 DPL=0 LDT
TR =0000 0000000000000000 0000ffff 00008b00 DPL=0 TSS64-busy
GDT=     000000003f5dc000 00000047
IDT=     000000003f241018 00000fff
CR0=80010033 CR2=0000000000000000 CR3=000000003f801000 CR4=00000668
DR0=0000000000000000 DR1=0000000000000000 DR2=0000000000000000 DR3=0000000000000000 
DR6=00000000ffff0ff0 DR7=0000000000000400
CCS=0000000000000004 CCD=0000000000907b00 CCO=EFLAGS
EFER=0000000000000d00
Servicing hardware INT=0x20
    75: v=20 e=0000 i=0 cpl=0 IP=0038:000000003fefc08d pc=000000003fefc08d SP=0030:000000003fefa350 env->regs[R_EAX]=0000000000000000
RAX=0000000000000000 RBX=0000000000000001 RCX=000000003ee1fae0 RDX=000000003ea788e0
RSI=0000000000000000 RDI=000000003ff134d0 RBP=000000003fefa370 RSP=000000003fefa350
R8 =0000000000000001 R9 =0000000000000000 R10=000000003ff13780 R11=0000000000000026
R12=000000003eac8218 R13=000000003f4ecf98 R14=000000003fefa478 R15=000000003eac8258
RIP=000000003fefc08d RFL=00000202 [-------] CPL=0 II=0 A20=1 SMM=0 HLT=0
ES =0030 0000000000000000 ffffffff 00cf9300 DPL=0 DS   [-WA]
CS =0038 0000000000000000 ffffffff 00af9a00 DPL=0 CS64 [-R-]
SS =0030 0000000000000000 ffffffff 00cf9300 DPL=0 DS   [-WA]
DS =0030 0000000000000000 ffffffff 00cf9300 DPL=0 DS   [-WA]
FS =0030 0000000000000000 ffffffff 00cf9300 DPL=0 DS   [-WA]
GS =0030 0000000000000000 ffffffff 00cf9300 DPL=0 DS   [-WA]
LDT=0000 0000000000000000 0000ffff 00008200 DPL=0 LDT
TR =0000 0000000000000000 0000ffff 00008b00 DPL=0 TSS64-busy
GDT=     000000003f5dc000 00000047
IDT=     000000003f241018 00000fff
CR0=80010033 CR2=0000000000000000 CR3=000000003f801000 CR4=00000668
DR0=0000000000000000 DR1=0000000000000000 DR2=0000000000000000 DR3=0000000000000000 
DR6=00000000ffff0ff0 DR7=0000000000000400
CCS=0000000000000000 CCD=000000003fefa308 CCO=EFLAGS
EFER=0000000000000d00
Servicing hardware INT=0x20
    76: v=20 e=0000 i=0 cpl=0 IP=0038:000000003f246d41 pc=000000003f246d41 SP=0030:000000003fefa788 env->regs[R_EAX]=000000003f248110
RAX=000000003f248110 RBX=0000000000000000 RCX=000000003f248110 RDX=000000003e976898
RSI=0000000000000001 RDI=000000003ff134d0 RBP=000000003fefa870 RSP=000000003fefa788
R8 =0000000000000000 R9 =0000000000000000 R10=000000003ff13780 R11=0000000000000032
R12=0000000000000000 R13=0000000000000000 R14=0000000000000001 R15=0000000000000001
RIP=000000003f246d41 RFL=00000246 [---Z-P-] CPL=0 II=0 A20=1 SMM=0 HLT=0
ES =0030 0000000000000000 ffffffff 00cf9300 DPL=0 DS   [-WA]
CS =0038 0000000000000000 ffffffff 00af9a00 DPL=0 CS64 [-R-]
SS =0030 0000000000000000 ffffffff 00cf9300 DPL=0 DS   [-WA]
DS =0030 0000000000000000 ffffffff 00cf9300 DPL=0 DS   [-WA]
FS =0030 0000000000000000 ffffffff 00cf9300 DPL=0 DS   [-WA]
GS =0030 0000000000000000 ffffffff 00cf9300 DPL=0 DS   [-WA]
LDT=0000 0000000000000000 0000ffff 00008200 DPL=0 LDT
TR =0000 0000000000000000 0000ffff 00008b00 DPL=0 TSS64-busy
GDT=     000000003f5dc000 00000047
IDT=     000000003f241018 00000fff
CR0=80010033 CR2=0000000000000000 CR3=000000003f801000 CR4=00000668
DR0=0000000000000000 DR1=0000000000000000 DR2=0000000000000000 DR3=0000000000000000 
DR6=00000000ffff0ff0 DR7=0000000000000400
CCS=0000000000000044 CCD=0000000000000000 CCO=EFLAGS
EFER=0000000000000d00
Servicing hardware INT=0x20
    77: v=20 e=0000 i=0 cpl=0 IP=0038:000000003ff00555 pc=000000003ff00555 SP=0030:000000003fefa7c0 env->regs[R_EAX]=0000000000000000
RAX=0000000000000000 RBX=0000000000000004 RCX=3b7269c9a000398e RDX=000000003ea5a000
RSI=000000003ea5a0f0 RDI=000000003e994c18 RBP=000000003fefa830 RSP=000000003fefa7c0
R8 =0000000000000000 R9 =000000003eac8198 R10=000000003ff13780 R11=000000003f6dbac0
R12=000000003e1a8598 R13=000000003eac8198 R14=0000000000000000 R15=000000003ea5a0f0
RIP=000000003ff00555 RFL=00000246 [---Z-P-] CPL=0 II=0 A20=1 SMM=0 HLT=0
ES =0030 0000000000000000 ffffffff 00cf9300 DPL=0 DS   [-WA]
CS =0038 0000000000000000 ffffffff 00af9a00 DPL=0 CS64 [-R-]
SS =0030 0000000000000000 ffffffff 00cf9300 DPL=0 DS   [-WA]
DS =0030 0000000000000000 ffffffff 00cf9300 DPL=0 DS   [-WA]
FS =0030 0000000000000000 ffffffff 00cf9300 DPL=0 DS   [-WA]
GS =0030 0000000000000000 ffffffff 00cf9300 DPL=0 DS   [-WA]
LDT=0000 0000000000000000 0000ffff 00008200 DPL=0 LDT
TR =0000 0000000000000000 0000ffff 00008b00 DPL=0 TSS64-busy
GDT=     000000003f5dc000 00000047
IDT=     000000003f241018 00000fff
CR0=80010033 CR2=0000000000000000 CR3=000000003f801000 CR4=00000668
DR0=0000000000000000 DR1=0000000000000000 DR2=0000000000000000 DR3=0000000000000000 
DR6=00000000ffff0ff0 DR7=0000000000000400
CCS=0000000000000044 CCD=0000000000000000 CCO=EFLAGS
EFER=0000000000000d00
Servicing hardware INT=0x20
    78: v=20 e=0000 i=0 cpl=0 IP=0038:000000003eb57fb2 pc=000000003eb57fb2 SP=0030:000000003fefa900 env->regs[R_EAX]=000000003f4e3818
RAX=000000003f4e3818 RBX=000000003eb5c1f0 RCX=000000003ee1fae0 RDX=000000003f4e3818
RSI=000000003eb5afa8 RDI=000000003eb5c1f0 RBP=000000003fefa9c0 RSP=000000003fefa900
R8 =0000000000000001 R9 =0000000000000000 R10=0000000000000073 R11=000000003e1a8a18
R12=000000003fefa948 R13=000000003eb5afa8 R14=000000000000021f R15=800000000000000e
RIP=000000003eb57fb2 RFL=00000246 [---Z-P-] CPL=0 II=0 A20=1 SMM=0 HLT=0
ES =0030 0000000000000000 ffffffff 00cf9300 DPL=0 DS   [-WA]
CS =0038 0000000000000000 ffffffff 00af9a00 DPL=0 CS64 [-R-]
SS =0030 0000000000000000 ffffffff 00cf9300 DPL=0 DS   [-WA]
DS =0030 0000000000000000 ffffffff 00cf9300 DPL=0 DS   [-WA]
FS =0030 0000000000000000 ffffffff 00cf9300 DPL=0 DS   [-WA]
GS =0030 0000000000000000 ffffffff 00cf9300 DPL=0 DS   [-WA]
LDT=0000 0000000000000000 0000ffff 00008200 DPL=0 LDT
TR =0000 0000000000000000 0000ffff 00008b00 DPL=0 TSS64-busy
GDT=     000000003f5dc000 00000047
IDT=     000000003f241018 00000fff
CR0=80010033 CR2=0000000000000000 CR3=000000003f801000 CR4=00000668
DR0=0000000000000000 DR1=0000000000000000 DR2=0000000000000000 DR3=0000000000000000 
DR6=00000000ffff0ff0 DR7=0000000000000400
CCS=0000000000000044 CCD=0000000000000000 CCO=EFLAGS
EFER=0000000000000d00
Servicing hardware INT=0x20
    79: v=20 e=0000 i=0 cpl=0 IP=0038:000000003eae3ba1 pc=000000003eae3ba1 SP=0030:000000003fef9d60 env->regs[R_EAX]=0000000000000040
RAX=0000000000000040 RBX=0000000000000064 RCX=0000000000000608 RDX=000000000046da8f
RSI=000000000046dacf RDI=000000003ea5f828 RBP=000000003fef9d90 RSP=000000003fef9d60
R8 =000000003fef9d5c R9 =0000000000000608 R10=0000000000000000 R11=0000000000000002
R12=0000000000000000 R13=0000000000000000 R14=8000000000000000 R15=8000000000000006
RIP=000000003eae3ba1 RFL=00000202 [-------] CPL=0 II=0 A20=1 SMM=0 HLT=0
ES =0030 0000000000000000 ffffffff 00cf9300 DPL=0 DS   [-WA]
CS =0038 0000000000000000 ffffffff 00af9a00 DPL=0 CS64 [-R-]
SS =0030 0000000000000000 ffffffff 00cf9300 DPL=0 DS   [-WA]
DS =0030 0000000000000000 ffffffff 00cf9300 DPL=0 DS   [-WA]
FS =0030 0000000000000000 ffffffff 00cf9300 DPL=0 DS   [-WA]
GS =0030 0000000000000000 ffffffff 00cf9300 DPL=0 DS   [-WA]
LDT=0000 0000000000000000 0000ffff 00008200 DPL=0 LDT
TR =0000 0000000000000000 0000ffff 00008b00 DPL=0 TSS64-busy
GDT=     000000003f5dc000 00000047
IDT=     000000003f241018 00000fff
CR0=80010033 CR2=0000000000000000 CR3=000000003f801000 CR4=00000668
DR0=0000000000000000 DR1=0000000000000000 DR2=0000000000000000 DR3=0000000000000000 
DR6=00000000ffff0ff0 DR7=0000000000000400
CCS=0000000000000000 CCD=0000000000000040 CCO=EFLAGS
EFER=0000000000000d00
Servicing hardware INT=0x20
    80: v=20 e=0000 i=0 cpl=0 IP=0038:000000003eae3b53 pc=000000003eae3b53 SP=0030:000000003fef9d60 env->regs[R_EAX]=000000000047666a
RAX=000000000047666a RBX=0000000000000064 RCX=0000000000000608 RDX=0000000000000608
RSI=000000000047664c RDI=000000003ea5f828 RBP=000000003fef9db0 RSP=000000003fef9d60
R8 =000000003fef9dbc R9 =0000000000000608 R10=0000000000000000 R11=0000000000000002
R12=0000000000000000 R13=0000000000000000 R14=8000000000000000 R15=8000000000000006
RIP=000000003eae3b53 RFL=00000293 [--S-A-C] CPL=0 II=0 A20=1 SMM=0 HLT=0
ES =0030 0000000000000000 ffffffff 00cf9300 DPL=0 DS   [-WA]
CS =0038 0000000000000000 ffffffff 00af9a00 DPL=0 CS64 [-R-]
SS =0030 0000000000000000 ffffffff 00cf9300 DPL=0 DS   [-WA]
DS =0030 0000000000000000 ffffffff 00cf9300 DPL=0 DS   [-WA]
FS =0030 0000000000000000 ffffffff 00cf9300 DPL=0 DS   [-WA]
GS =0030 0000000000000000 ffffffff 00cf9300 DPL=0 DS   [-WA]
LDT=0000 0000000000000000 0000ffff 00008200 DPL=0 LDT
TR =0000 0000000000000000 0000ffff 00008b00 DPL=0 TSS64-busy
GDT=     000000003f5dc000 00000047
IDT=     000000003f241018 00000fff
CR0=80010033 CR2=0000000000000000 CR3=000000003f801000 CR4=00000668
DR0=0000000000000000 DR1=0000000000000000 DR2=0000000000000000 DR3=0000000000000000 
DR6=00000000ffff0ff0 DR7=0000000000000400
CCS=0000000000000091 CCD=fffffffffffffffe CCO=EFLAGS
EFER=0000000000000d00
Servicing hardware INT=0x20
    81: v=20 e=0000 i=0 cpl=0 IP=0038:000000003eae3ba1 pc=000000003eae3ba1 SP=0030:000000003fef9c90 env->regs[R_EAX]=00000000000000e1
RAX=00000000000000e1 RBX=0000000000000064 RCX=0000000000000608 RDX=0000000000480370
RSI=0000000000480451 RDI=000000003ea5f828 RBP=000000003fef9cc0 RSP=000000003fef9c90
R8 =000000003fef9c8c R9 =0000000000000608 R10=0000000000000000 R11=0000000000000002
R12=0000000000000000 R13=0000000000000000 R14=8000000000000000 R15=8000000000000006
RIP=000000003eae3ba1 RFL=00000206 [-----P-] CPL=0 II=0 A20=1 SMM=0 HLT=0
ES =0030 0000000000000000 ffffffff 00cf9300 DPL=0 DS   [-WA]
CS =0038 0000000000000000 ffffffff 00af9a00 DPL=0 CS64 [-R-]
SS =0030 0000000000000000 ffffffff 00cf9300 DPL=0 DS   [-WA]
DS =0030 0000000000000000 ffffffff 00cf9300 DPL=0 DS   [-WA]
FS =0030 0000000000000000 ffffffff 00cf9300 DPL=0 DS   [-WA]
GS =0030 0000000000000000 ffffffff 00cf9300 DPL=0 DS   [-WA]
LDT=0000 0000000000000000 0000ffff 00008200 DPL=0 LDT
TR =0000 0000000000000000 0000ffff 00008b00 DPL=0 TSS64-busy
GDT=     000000003f5dc000 00000047
IDT=     000000003f241018 00000fff
CR0=80010033 CR2=0000000000000000 CR3=000000003f801000 CR4=00000668
DR0=0000000000000000 DR1=0000000000000000 DR2=0000000000000000 DR3=0000000000000000 
DR6=00000000ffff0ff0 DR7=0000000000000400
CCS=0000000000000004 CCD=00000000000000e1 CCO=EFLAGS
EFER=0000000000000d00
Servicing hardware INT=0x20
    82: v=20 e=0000 i=0 cpl=0 IP=0038:000000003eae3ba1 pc=000000003eae3ba1 SP=0030:000000003fef9cf0 env->regs[R_EAX]=0000000000000080
RAX=0000000000000080 RBX=0000000000000064 RCX=0000000000000608 RDX=0000000000487e18
RSI=0000000000487e98 RDI=000000003ea5f828 RBP=000000003fef9d20 RSP=000000003fef9cf0
R8 =000000003fef9cec R9 =0000000000000608 R10=0000000000000000 R11=0000000000000002
R12=0000000000000000 R13=0000000000000000 R14=8000000000000000 R15=8000000000000006
RIP=000000003eae3ba1 RFL=00000202 [-------] CPL=0 II=0 A20=1 SMM=0 HLT=0
ES =0030 0000000000000000 ffffffff 00cf9300 DPL=0 DS   [-WA]
CS =0038 0000000000000000 ffffffff 00af9a00 DPL=0 CS64 [-R-]
SS =0030 0000000000000000 ffffffff 00cf9300 DPL=0 DS   [-WA]
DS =0030 0000000000000000 ffffffff 00cf9300 DPL=0 DS   [-WA]
FS =0030 0000000000000000 ffffffff 00cf9300 DPL=0 DS   [-WA]
GS =0030 0000000000000000 ffffffff 00cf9300 DPL=0 DS   [-WA]
LDT=0000 0000000000000000 0000ffff 00008200 DPL=0 LDT
TR =0000 0000000000000000 0000ffff 00008b00 DPL=0 TSS64-busy
GDT=     000000003f5dc000 00000047
IDT=     000000003f241018 00000fff
CR0=80010033 CR2=0000000000000000 CR3=000000003f801000 CR4=00000668
DR0=0000000000000000 DR1=0000000000000000 DR2=0000000000000000 DR3=0000000000000000 
DR6=00000000ffff0ff0 DR7=0000000000000400
CCS=0000000000000000 CCD=0000000000000080 CCO=EFLAGS
EFER=0000000000000d00
Servicing hardware INT=0x20
    83: v=20 e=0000 i=0 cpl=0 IP=0038:000000003eae3ba1 pc=000000003eae3ba1 SP=0030:000000003fef9e30 env->regs[R_EAX]=0000000000000117
RAX=0000000000000117 RBX=0000000000000064 RCX=0000000000000608 RDX=00000000004909d9
RSI=0000000000490af0 RDI=000000003ea5f828 RBP=000000003fef9e60 RSP=000000003fef9e30
R8 =000000003fef9e2c R9 =0000000000000608 R10=0000000000000000 R11=0000000000000002
R12=0000000000000000 R13=0000000000000000 R14=8000000000000000 R15=8000000000000006
RIP=000000003eae3ba1 RFL=00000206 [-----P-] CPL=0 II=0 A20=1 SMM=0 HLT=0
ES =0030 0000000000000000 ffffffff 00cf9300 DPL=0 DS   [-WA]
CS =0038 0000000000000000 ffffffff 00af9a00 DPL=0 CS64 [-R-]
SS =0030 0000000000000000 ffffffff 00cf9300 DPL=0 DS   [-WA]
DS =0030 0000000000000000 ffffffff 00cf9300 DPL=0 DS   [-WA]
FS =0030 0000000000000000 ffffffff 00cf9300 DPL=0 DS   [-WA]
GS =0030 0000000000000000 ffffffff 00cf9300 DPL=0 DS   [-WA]
LDT=0000 0000000000000000 0000ffff 00008200 DPL=0 LDT
TR =0000 0000000000000000 0000ffff 00008b00 DPL=0 TSS64-busy
GDT=     000000003f5dc000 00000047
IDT=     000000003f241018 00000fff
CR0=80010033 CR2=0000000000000000 CR3=000000003f801000 CR4=00000668
DR0=0000000000000000 DR1=0000000000000000 DR2=0000000000000000 DR3=0000000000000000 
DR6=00000000ffff0ff0 DR7=0000000000000400
CCS=0000000000000004 CCD=0000000000000117 CCO=EFLAGS
EFER=0000000000000d00
Servicing hardware INT=0x20
    84: v=20 e=0000 i=0 cpl=0 IP=0038:000000003eae3b53 pc=000000003eae3b53 SP=0030:000000003fef9dd0 env->regs[R_EAX]=00000000004995d4
RAX=00000000004995d4 RBX=0000000000000064 RCX=0000000000000608 RDX=0000000000000608
RSI=00000000004995be RDI=000000003ea5f828 RBP=000000003fef9e20 RSP=000000003fef9dd0
R8 =000000003fef9e2c R9 =0000000000000608 R10=0000000000000000 R11=0000000000000002
R12=0000000000000000 R13=0000000000000000 R14=8000000000000000 R15=8000000000000006
RIP=000000003eae3b53 RFL=00000293 [--S-A-C] CPL=0 II=0 A20=1 SMM=0 HLT=0
ES =0030 0000000000000000 ffffffff 00cf9300 DPL=0 DS   [-WA]
CS =0038 0000000000000000 ffffffff 00af9a00 DPL=0 CS64 [-R-]
SS =0030 0000000000000000 ffffffff 00cf9300 DPL=0 DS   [-WA]
DS =0030 0000000000000000 ffffffff 00cf9300 DPL=0 DS   [-WA]
FS =0030 0000000000000000 ffffffff 00cf9300 DPL=0 DS   [-WA]
GS =0030 0000000000000000 ffffffff 00cf9300 DPL=0 DS   [-WA]
LDT=0000 0000000000000000 0000ffff 00008200 DPL=0 LDT
TR =0000 0000000000000000 0000ffff 00008b00 DPL=0 TSS64-busy
GDT=     000000003f5dc000 00000047
IDT=     000000003f241018 00000fff
CR0=80010033 CR2=0000000000000000 CR3=000000003f801000 CR4=00000668
DR0=0000000000000000 DR1=0000000000000000 DR2=0000000000000000 DR3=0000000000000000 
DR6=00000000ffff0ff0 DR7=0000000000000400
CCS=0000000000000091 CCD=fffffffffffffffe CCO=EFLAGS
EFER=0000000000000d00
Servicing hardware INT=0x20
    85: v=20 e=0000 i=0 cpl=0 IP=0038:000000003eae3b53 pc=000000003eae3b53 SP=0030:000000003fef9dd0 env->regs[R_EAX]=00000000004a21af
RAX=00000000004a21af RBX=0000000000000064 RCX=0000000000000608 RDX=0000000000000608
RSI=00000000004a22fb RDI=000000003ea5f828 RBP=000000003fef9e20 RSP=000000003fef9dd0
R8 =000000003fef9e2c R9 =0000000000000608 R10=0000000000000000 R11=0000000000000002
R12=0000000000000000 R13=0000000000000000 R14=8000000000000000 R15=8000000000000006
RIP=000000003eae3b53 RFL=00000293 [--S-A-C] CPL=0 II=0 A20=1 SMM=0 HLT=0
ES =0030 0000000000000000 ffffffff 00cf9300 DPL=0 DS   [-WA]
CS =0038 0000000000000000 ffffffff 00af9a00 DPL=0 CS64 [-R-]
SS =0030 0000000000000000 ffffffff 00cf9300 DPL=0 DS   [-WA]
DS =0030 0000000000000000 ffffffff 00cf9300 DPL=0 DS   [-WA]
FS =0030 0000000000000000 ffffffff 00cf9300 DPL=0 DS   [-WA]
GS =0030 0000000000000000 ffffffff 00cf9300 DPL=0 DS   [-WA]
LDT=0000 0000000000000000 0000ffff 00008200 DPL=0 LDT
TR =0000 0000000000000000 0000ffff 00008b00 DPL=0 TSS64-busy
GDT=     000000003f5dc000 00000047
IDT=     000000003f241018 00000fff
CR0=80010033 CR2=0000000000000000 CR3=000000003f801000 CR4=00000668
DR0=0000000000000000 DR1=0000000000000000 DR2=0000000000000000 DR3=0000000000000000 
DR6=00000000ffff0ff0 DR7=0000000000000400
CCS=0000000000000091 CCD=00000000000000fe CCO=EFLAGS
EFER=0000000000000d00
Servicing hardware INT=0x20
    86: v=20 e=0000 i=0 cpl=0 IP=0038:000000003eae3b53 pc=000000003eae3b53 SP=0030:000000003fef9e30 env->regs[R_EAX]=00000000004aaf8d
RAX=00000000004aaf8d RBX=0000000000000064 RCX=0000000000000608 RDX=0000000000000608
RSI=00000000004ab0d2 RDI=000000003ea5f828 RBP=000000003fef9e80 RSP=000000003fef9e30
R8 =000000003fef9e8c R9 =0000000000000608 R10=0000000000000000 R11=0000000000000002
R12=0000000000000000 R13=0000000000000000 R14=8000000000000000 R15=8000000000000006
RIP=000000003eae3b53 RFL=00000293 [--S-A-C] CPL=0 II=0 A20=1 SMM=0 HLT=0
ES =0030 0000000000000000 ffffffff 00cf9300 DPL=0 DS   [-WA]
CS =0038 0000000000000000 ffffffff 00af9a00 DPL=0 CS64 [-R-]
SS =0030 0000000000000000 ffffffff 00cf9300 DPL=0 DS   [-WA]
DS =0030 0000000000000000 ffffffff 00cf9300 DPL=0 DS   [-WA]
FS =0030 0000000000000000 ffffffff 00cf9300 DPL=0 DS   [-WA]
GS =0030 0000000000000000 ffffffff 00cf9300 DPL=0 DS   [-WA]
LDT=0000 0000000000000000 0000ffff 00008200 DPL=0 LDT
TR =0000 0000000000000000 0000ffff 00008b00 DPL=0 TSS64-busy
GDT=     000000003f5dc000 00000047
IDT=     000000003f241018 00000fff
CR0=80010033 CR2=0000000000000000 CR3=000000003f801000 CR4=00000668
DR0=0000000000000000 DR1=0000000000000000 DR2=0000000000000000 DR3=0000000000000000 
DR6=00000000ffff0ff0 DR7=0000000000000400
CCS=0000000000000091 CCD=00000000000000fe CCO=EFLAGS
EFER=0000000000000d00
Servicing hardware INT=0x20
    87: v=20 e=0000 i=0 cpl=0 IP=0038:000000003eae3b53 pc=000000003eae3b53 SP=0030:000000003fef9da0 env->regs[R_EAX]=00000000004b3a9f
RAX=00000000004b3a9f RBX=0000000000000064 RCX=0000000000000608 RDX=0000000000000608
RSI=00000000004b3be7 RDI=000000003ea5f828 RBP=000000003fef9df0 RSP=000000003fef9da0
R8 =000000003fef9dfc R9 =0000000000000608 R10=0000000000000000 R11=0000000000000002
R12=0000000000000000 R13=0000000000000000 R14=8000000000000000 R15=8000000000000006
RIP=000000003eae3b53 RFL=00000293 [--S-A-C] CPL=0 II=0 A20=1 SMM=0 HLT=0
ES =0030 0000000000000000 ffffffff 00cf9300 DPL=0 DS   [-WA]
CS =0038 0000000000000000 ffffffff 00af9a00 DPL=0 CS64 [-R-]
SS =0030 0000000000000000 ffffffff 00cf9300 DPL=0 DS   [-WA]
DS =0030 0000000000000000 ffffffff 00cf9300 DPL=0 DS   [-WA]
FS =0030 0000000000000000 ffffffff 00cf9300 DPL=0 DS   [-WA]
GS =0030 0000000000000000 ffffffff 00cf9300 DPL=0 DS   [-WA]
LDT=0000 0000000000000000 0000ffff 00008200 DPL=0 LDT
TR =0000 0000000000000000 0000ffff 00008b00 DPL=0 TSS64-busy
GDT=     000000003f5dc000 00000047
IDT=     000000003f241018 00000fff
CR0=80010033 CR2=0000000000000000 CR3=000000003f801000 CR4=00000668
DR0=0000000000000000 DR1=0000000000000000 DR2=0000000000000000 DR3=0000000000000000 
DR6=00000000ffff0ff0 DR7=0000000000000400
CCS=0000000000000091 CCD=00000000000000fe CCO=EFLAGS
EFER=0000000000000d00
Servicing hardware INT=0x20
    88: v=20 e=0000 i=0 cpl=0 IP=0038:000000003ff1099a pc=000000003ff1099a SP=0030:000000003fefa6b0 env->regs[R_EAX]=0000000000000000
RAX=0000000000000000 RBX=0000000000000078 RCX=0000000003e60001 RDX=0000000000105000
RSI=000000003fefa6c0 RDI=00000000003eb1cf RBP=000000003fefa880 RSP=000000003fefa6b0
R8 =0000000000000000 R9 =000000003ff088ce R10=0000000000000003 R11=0000000000000000
R12=0000000000000002 R13=000000003eb5adc0 R14=0000000000100000 R15=000000003e0aa1f0
RIP=000000003ff1099a RFL=00010202 [-------] CPL=0 II=0 A20=1 SMM=0 HLT=0
ES =0030 0000000000000000 ffffffff 00cf9300 DPL=0 DS   [-WA]
CS =0038 0000000000000000 ffffffff 00af9a00 DPL=0 CS64 [-R-]
SS =0030 0000000000000000 ffffffff 00cf9300 DPL=0 DS   [-WA]
DS =0030 0000000000000000 ffffffff 00cf9300 DPL=0 DS   [-WA]
FS =0030 0000000000000000 ffffffff 00cf9300 DPL=0 DS   [-WA]
GS =0030 0000000000000000 ffffffff 00cf9300 DPL=0 DS   [-WA]
LDT=0000 0000000000000000 0000ffff 00008200 DPL=0 LDT
TR =0000 0000000000000000 0000ffff 00008b00 DPL=0 TSS64-busy
GDT=     000000003f5dc000 00000047
IDT=     000000003f241018 00000fff
CR0=80010033 CR2=0000000000000000 CR3=000000003f801000 CR4=00000668
DR0=0000000000000000 DR1=0000000000000000 DR2=0000000000000000 DR3=0000000000000000 
DR6=00000000ffff0ff0 DR7=0000000000000400
CCS=0000000000000000 CCD=00000000041461d0 CCO=EFLAGS
EFER=0000000000000d00
Servicing hardware INT=0x20
    89: v=20 e=0000 i=0 cpl=0 IP=0038:000000003ff1099a pc=000000003ff1099a SP=0030:000000003fefa6b0 env->regs[R_EAX]=0000000000000000
RAX=0000000000000000 RBX=0000000000000078 RCX=0000000003a20001 RDX=0000000000105000
RSI=000000003fefa6c0 RDI=000000000082b1cf RBP=000000003fefa880 RSP=000000003fefa6b0
R8 =0000000000000000 R9 =000000003ff088ce R10=0000000000000003 R11=0000000000000000
R12=0000000000000002 R13=000000003eb5adc0 R14=0000000000100000 R15=000000003e0aa1f0
RIP=000000003ff1099a RFL=00010202 [-------] CPL=0 II=0 A20=1 SMM=0 HLT=0
ES =0030 0000000000000000 ffffffff 00cf9300 DPL=0 DS   [-WA]
CS =0038 0000000000000000 ffffffff 00af9a00 DPL=0 CS64 [-R-]
SS =0030 0000000000000000 ffffffff 00cf9300 DPL=0 DS   [-WA]
DS =0030 0000000000000000 ffffffff 00cf9300 DPL=0 DS   [-WA]
FS =0030 0000000000000000 ffffffff 00cf9300 DPL=0 DS   [-WA]
GS =0030 0000000000000000 ffffffff 00cf9300 DPL=0 DS   [-WA]
LDT=0000 0000000000000000 0000ffff 00008200 DPL=0 LDT
TR =0000 0000000000000000 0000ffff 00008b00 DPL=0 TSS64-busy
GDT=     000000003f5dc000 00000047
IDT=     000000003f241018 00000fff
CR0=80010033 CR2=0000000000000000 CR3=000000003f801000 CR4=00000668
DR0=0000000000000000 DR1=0000000000000000 DR2=0000000000000000 DR3=0000000000000000 
DR6=00000000ffff0ff0 DR7=0000000000000400
CCS=0000000000000000 CCD=0000000000000000 CCO=EFLAGS
EFER=0000000000000d00
Servicing hardware INT=0x20
    90: v=20 e=0000 i=0 cpl=0 IP=0038:000000003ee11266 pc=000000003ee11266 SP=0030:000000003fefa0c8 env->regs[R_EAX]=000000003ee1fae0
RAX=000000003ee1fae0 RBX=000000000000001e RCX=000000003ee1fae0 RDX=000000000000001e
RSI=00000000ffffffff RDI=0000000000000001 RBP=000000003fefa100 RSP=000000003fefa0c8
R8 =000000003fefa1ac R9 =000000003fefa1b0 R10=0000000000000003 R11=0000000000000000
R12=0000000000895440 R13=000000003ff144b0 R14=000000003ff144d0 R15=000000003ff1c120
RIP=000000003ee11266 RFL=00000202 [-------] CPL=0 II=0 A20=1 SMM=0 HLT=0
ES =0030 0000000000000000 ffffffff 00cf9300 DPL=0 DS   [-WA]
CS =0038 0000000000000000 ffffffff 00af9a00 DPL=0 CS64 [-R-]
SS =0030 0000000000000000 ffffffff 00cf9300 DPL=0 DS   [-WA]
DS =0030 0000000000000000 ffffffff 00cf9300 DPL=0 DS   [-WA]
FS =0030 0000000000000000 ffffffff 00cf9300 DPL=0 DS   [-WA]
GS =0030 0000000000000000 ffffffff 00cf9300 DPL=0 DS   [-WA]
LDT=0000 0000000000000000 0000ffff 00008200 DPL=0 LDT
TR =0000 0000000000000000 0000ffff 00008b00 DPL=0 TSS64-busy
GDT=     000000003f5dc000 00000047
IDT=     000000003f241018 00000fff
CR0=80010033 CR2=0000000000000000 CR3=000000003f801000 CR4=00000668
DR0=0000000000000000 DR1=0000000000000000 DR2=0000000000000000 DR3=0000000000000000 
DR6=00000000ffff0ff0 DR7=0000000000000400
CCS=0000000000000020 CCD=000000003fefa0d0 CCO=SUBQ
EFER=0000000000000d00
Servicing hardware INT=0x20
    91: v=20 e=0000 i=0 cpl=0 IP=0038:000000003ff1099a pc=000000003ff1099a SP=0030:000000003fefa6b0 env->regs[R_EAX]=0000000000000000
RAX=0000000000000000 RBX=0000000000000078 RCX=00000000039e0001 RDX=0000000000105000
RSI=000000003fefa6c0 RDI=000000000086b1cf RBP=000000003fefa880 RSP=000000003fefa6b0
R8 =0000000000000000 R9 =000000003ff088ce R10=0000000000000003 R11=0000000000000000
R12=0000000000000002 R13=000000003eb5adc0 R14=0000000000100000 R15=000000003e0aa1f0
RIP=000000003ff1099a RFL=00010202 [-------] CPL=0 II=0 A20=1 SMM=0 HLT=0
ES =0030 0000000000000000 ffffffff 00cf9300 DPL=0 DS   [-WA]
CS =0038 0000000000000000 ffffffff 00af9a00 DPL=0 CS64 [-R-]
SS =0030 0000000000000000 ffffffff 00cf9300 DPL=0 DS   [-WA]
DS =0030 0000000000000000 ffffffff 00cf9300 DPL=0 DS   [-WA]
FS =0030 0000000000000000 ffffffff 00cf9300 DPL=0 DS   [-WA]
GS =0030 0000000000000000 ffffffff 00cf9300 DPL=0 DS   [-WA]
LDT=0000 0000000000000000 0000ffff 00008200 DPL=0 LDT
TR =0000 0000000000000000 0000ffff 00008b00 DPL=0 TSS64-busy
GDT=     000000003f5dc000 00000047
IDT=     000000003f241018 00000fff
CR0=80010033 CR2=0000000000000000 CR3=000000003f801000 CR4=00000668
DR0=0000000000000000 DR1=0000000000000000 DR2=0000000000000000 DR3=0000000000000000 
DR6=00000000ffff0ff0 DR7=0000000000000400
CCS=0000000000000000 CCD=0000000000000000 CCO=EFLAGS
EFER=0000000000000d00
Servicing hardware INT=0x20
    92: v=20 e=0000 i=0 cpl=0 IP=0038:000000003ff1099a pc=000000003ff1099a SP=0030:000000003fefa6b0 env->regs[R_EAX]=0000000000000000
RAX=0000000000000000 RBX=0000000000000078 RCX=00000000033b0001 RDX=0000000000105000
RSI=000000003fefa6c0 RDI=0000000000e9b1cf RBP=000000003fefa880 RSP=000000003fefa6b0
R8 =0000000000000000 R9 =000000003ff088ce R10=0000000000000003 R11=0000000000000000
R12=0000000000000002 R13=000000003eb5adc0 R14=0000000000100000 R15=000000003e0aa1f0
RIP=000000003ff1099a RFL=00010202 [-------] CPL=0 II=0 A20=1 SMM=0 HLT=0
ES =0030 0000000000000000 ffffffff 00cf9300 DPL=0 DS   [-WA]
CS =0038 0000000000000000 ffffffff 00af9a00 DPL=0 CS64 [-R-]
SS =0030 0000000000000000 ffffffff 00cf9300 DPL=0 DS   [-WA]
DS =0030 0000000000000000 ffffffff 00cf9300 DPL=0 DS   [-WA]
FS =0030 0000000000000000 ffffffff 00cf9300 DPL=0 DS   [-WA]
GS =0030 0000000000000000 ffffffff 00cf9300 DPL=0 DS   [-WA]
LDT=0000 0000000000000000 0000ffff 00008200 DPL=0 LDT
TR =0000 0000000000000000 0000ffff 00008b00 DPL=0 TSS64-busy
GDT=     000000003f5dc000 00000047
IDT=     000000003f241018 00000fff
CR0=80010033 CR2=0000000000000000 CR3=000000003f801000 CR4=00000668
DR0=0000000000000000 DR1=0000000000000000 DR2=0000000000000000 DR3=0000000000000000 
DR6=00000000ffff0ff0 DR7=0000000000000400
CCS=0000000000000000 CCD=0000000000000000 CCO=EFLAGS
EFER=0000000000000d00
Servicing hardware INT=0x20
    93: v=20 e=0000 i=0 cpl=0 IP=0038:000000003ff1099a pc=000000003ff1099a SP=0030:000000003fefa6b0 env->regs[R_EAX]=0000000000000000
RAX=0000000000000000 RBX=0000000000000078 RCX=00000000029c0001 RDX=0000000000105000
RSI=000000003fefa6c0 RDI=000000000188b1cf RBP=000000003fefa880 RSP=000000003fefa6b0
R8 =0000000000000000 R9 =000000003ff088ce R10=0000000000000003 R11=0000000000000000
R12=0000000000000002 R13=000000003eb5adc0 R14=0000000000100000 R15=000000003e0aa1f0
RIP=000000003ff1099a RFL=00010202 [-------] CPL=0 II=0 A20=1 SMM=0 HLT=0
ES =0030 0000000000000000 ffffffff 00cf9300 DPL=0 DS   [-WA]
CS =0038 0000000000000000 ffffffff 00af9a00 DPL=0 CS64 [-R-]
SS =0030 0000000000000000 ffffffff 00cf9300 DPL=0 DS   [-WA]
DS =0030 0000000000000000 ffffffff 00cf9300 DPL=0 DS   [-WA]
FS =0030 0000000000000000 ffffffff 00cf9300 DPL=0 DS   [-WA]
GS =0030 0000000000000000 ffffffff 00cf9300 DPL=0 DS   [-WA]
LDT=0000 0000000000000000 0000ffff 00008200 DPL=0 LDT
TR =0000 0000000000000000 0000ffff 00008b00 DPL=0 TSS64-busy
GDT=     000000003f5dc000 00000047
IDT=     000000003f241018 00000fff
CR0=80010033 CR2=0000000000000000 CR3=000000003f801000 CR4=00000668
DR0=0000000000000000 DR1=0000000000000000 DR2=0000000000000000 DR3=0000000000000000 
DR6=00000000ffff0ff0 DR7=0000000000000400
CCS=0000000000000000 CCD=0000000000000000 CCO=EFLAGS
EFER=0000000000000d00
Servicing hardware INT=0x20
    94: v=20 e=0000 i=0 cpl=0 IP=0038:000000003ff1099a pc=000000003ff1099a SP=0030:000000003fefa6b0 env->regs[R_EAX]=0000000000000000
RAX=0000000000000000 RBX=0000000000000078 RCX=00000000023c0001 RDX=0000000000105000
RSI=000000003fefa6c0 RDI=0000000001e8b1cf RBP=000000003fefa880 RSP=000000003fefa6b0
R8 =0000000000000000 R9 =000000003ff088ce R10=0000000000000003 R11=0000000000000000
R12=0000000000000002 R13=000000003eb5adc0 R14=0000000000100000 R15=000000003e0aa1f0
RIP=000000003ff1099a RFL=00010202 [-------] CPL=0 II=0 A20=1 SMM=0 HLT=0
ES =0030 0000000000000000 ffffffff 00cf9300 DPL=0 DS   [-WA]
CS =0038 0000000000000000 ffffffff 00af9a00 DPL=0 CS64 [-R-]
SS =0030 0000000000000000 ffffffff 00cf9300 DPL=0 DS   [-WA]
DS =0030 0000000000000000 ffffffff 00cf9300 DPL=0 DS   [-WA]
FS =0030 0000000000000000 ffffffff 00cf9300 DPL=0 DS   [-WA]
GS =0030 0000000000000000 ffffffff 00cf9300 DPL=0 DS   [-WA]
LDT=0000 0000000000000000 0000ffff 00008200 DPL=0 LDT
TR =0000 0000000000000000 0000ffff 00008b00 DPL=0 TSS64-busy
GDT=     000000003f5dc000 00000047
IDT=     000000003f241018 00000fff
CR0=80010033 CR2=0000000000000000 CR3=000000003f801000 CR4=00000668
DR0=0000000000000000 DR1=0000000000000000 DR2=0000000000000000 DR3=0000000000000000 
DR6=00000000ffff0ff0 DR7=0000000000000400
CCS=0000000000000000 CCD=0000000000000000 CCO=EFLAGS
EFER=0000000000000d00
Servicing hardware INT=0x20
    95: v=20 e=0000 i=0 cpl=0 IP=0038:000000003ff1099a pc=000000003ff1099a SP=0030:000000003fefa6b0 env->regs[R_EAX]=0000000000000000
RAX=0000000000000000 RBX=0000000000000078 RCX=0000000001b00001 RDX=0000000000105000
RSI=000000003fefa6c0 RDI=000000000274b1cf RBP=000000003fefa880 RSP=000000003fefa6b0
R8 =0000000000000000 R9 =000000003ff088ce R10=0000000000000003 R11=0000000000000000
R12=0000000000000002 R13=000000003eb5adc0 R14=0000000000100000 R15=000000003e0aa1f0
RIP=000000003ff1099a RFL=00010202 [-------] CPL=0 II=0 A20=1 SMM=0 HLT=0
ES =0030 0000000000000000 ffffffff 00cf9300 DPL=0 DS   [-WA]
CS =0038 0000000000000000 ffffffff 00af9a00 DPL=0 CS64 [-R-]
SS =0030 0000000000000000 ffffffff 00cf9300 DPL=0 DS   [-WA]
DS =0030 0000000000000000 ffffffff 00cf9300 DPL=0 DS   [-WA]
FS =0030 0000000000000000 ffffffff 00cf9300 DPL=0 DS   [-WA]
GS =0030 0000000000000000 ffffffff 00cf9300 DPL=0 DS   [-WA]
LDT=0000 0000000000000000 0000ffff 00008200 DPL=0 LDT
TR =0000 0000000000000000 0000ffff 00008b00 DPL=0 TSS64-busy
GDT=     000000003f5dc000 00000047
IDT=     000000003f241018 00000fff
CR0=80010033 CR2=0000000000000000 CR3=000000003f801000 CR4=00000668
DR0=0000000000000000 DR1=0000000000000000 DR2=0000000000000000 DR3=0000000000000000 
DR6=00000000ffff0ff0 DR7=0000000000000400
CCS=0000000000000000 CCD=0000000000000000 CCO=EFLAGS
EFER=0000000000000d00
Servicing hardware INT=0x20
    96: v=20 e=0000 i=0 cpl=0 IP=0038:000000003ff1099a pc=000000003ff1099a SP=0030:000000003fefa6b0 env->regs[R_EAX]=0000000000000000
RAX=0000000000000000 RBX=0000000000000078 RCX=0000000001420001 RDX=0000000000105000
RSI=000000003fefa6c0 RDI=0000000002e2b1cf RBP=000000003fefa880 RSP=000000003fefa6b0
R8 =0000000000000000 R9 =000000003ff088ce R10=0000000000000003 R11=0000000000000000
R12=0000000000000002 R13=000000003eb5adc0 R14=0000000000100000 R15=000000003e0aa1f0
RIP=000000003ff1099a RFL=00010202 [-------] CPL=0 II=0 A20=1 SMM=0 HLT=0
ES =0030 0000000000000000 ffffffff 00cf9300 DPL=0 DS   [-WA]
CS =0038 0000000000000000 ffffffff 00af9a00 DPL=0 CS64 [-R-]
SS =0030 0000000000000000 ffffffff 00cf9300 DPL=0 DS   [-WA]
DS =0030 0000000000000000 ffffffff 00cf9300 DPL=0 DS   [-WA]
FS =0030 0000000000000000 ffffffff 00cf9300 DPL=0 DS   [-WA]
GS =0030 0000000000000000 ffffffff 00cf9300 DPL=0 DS   [-WA]
LDT=0000 0000000000000000 0000ffff 00008200 DPL=0 LDT
TR =0000 0000000000000000 0000ffff 00008b00 DPL=0 TSS64-busy
GDT=     000000003f5dc000 00000047
IDT=     000000003f241018 00000fff
CR0=80010033 CR2=0000000000000000 CR3=000000003f801000 CR4=00000668
DR0=0000000000000000 DR1=0000000000000000 DR2=0000000000000000 DR3=0000000000000000 
DR6=00000000ffff0ff0 DR7=0000000000000400
CCS=0000000000000000 CCD=0000000000000000 CCO=EFLAGS
EFER=0000000000000d00
Servicing hardware INT=0x20
    97: v=20 e=0000 i=0 cpl=0 IP=0038:000000003ff1099a pc=000000003ff1099a SP=0030:000000003fefa6b0 env->regs[R_EAX]=0000000000000000
RAX=0000000000000000 RBX=0000000000000078 RCX=0000000000d10001 RDX=0000000000105000
RSI=000000003fefa6c0 RDI=000000000353b1cf RBP=000000003fefa880 RSP=000000003fefa6b0
R8 =0000000000000000 R9 =000000003ff088ce R10=0000000000000003 R11=0000000000000000
R12=0000000000000002 R13=000000003eb5adc0 R14=0000000000100000 R15=000000003e0aa1f0
RIP=000000003ff1099a RFL=00010202 [-------] CPL=0 II=0 A20=1 SMM=0 HLT=0
ES =0030 0000000000000000 ffffffff 00cf9300 DPL=0 DS   [-WA]
CS =0038 0000000000000000 ffffffff 00af9a00 DPL=0 CS64 [-R-]
SS =0030 0000000000000000 ffffffff 00cf9300 DPL=0 DS   [-WA]
DS =0030 0000000000000000 ffffffff 00cf9300 DPL=0 DS   [-WA]
FS =0030 0000000000000000 ffffffff 00cf9300 DPL=0 DS   [-WA]
GS =0030 0000000000000000 ffffffff 00cf9300 DPL=0 DS   [-WA]
LDT=0000 0000000000000000 0000ffff 00008200 DPL=0 LDT
TR =0000 0000000000000000 0000ffff 00008b00 DPL=0 TSS64-busy
GDT=     000000003f5dc000 00000047
IDT=     000000003f241018 00000fff
CR0=80010033 CR2=0000000000000000 CR3=000000003f801000 CR4=00000668
DR0=0000000000000000 DR1=0000000000000000 DR2=0000000000000000 DR3=0000000000000000 
DR6=00000000ffff0ff0 DR7=0000000000000400
CCS=0000000000000000 CCD=0000000000000000 CCO=EFLAGS
EFER=0000000000000d00
Servicing hardware INT=0x20
    98: v=20 e=0000 i=0 cpl=0 IP=0038:000000003ff1099a pc=000000003ff1099a SP=0030:000000003fefa6b0 env->regs[R_EAX]=0000000000000000
RAX=0000000000000000 RBX=0000000000000078 RCX=0000000000340001 RDX=0000000000105000
RSI=000000003fefa6c0 RDI=0000000003f0b1cf RBP=000000003fefa880 RSP=000000003fefa6b0
R8 =0000000000000000 R9 =000000003ff088ce R10=0000000000000003 R11=0000000000000000
R12=0000000000000002 R13=000000003eb5adc0 R14=0000000000100000 R15=000000003e0aa1f0
RIP=000000003ff1099a RFL=00010202 [-------] CPL=0 II=0 A20=1 SMM=0 HLT=0
ES =0030 0000000000000000 ffffffff 00cf9300 DPL=0 DS   [-WA]
CS =0038 0000000000000000 ffffffff 00af9a00 DPL=0 CS64 [-R-]
SS =0030 0000000000000000 ffffffff 00cf9300 DPL=0 DS   [-WA]
DS =0030 0000000000000000 ffffffff 00cf9300 DPL=0 DS   [-WA]
FS =0030 0000000000000000 ffffffff 00cf9300 DPL=0 DS   [-WA]
GS =0030 0000000000000000 ffffffff 00cf9300 DPL=0 DS   [-WA]
LDT=0000 0000000000000000 0000ffff 00008200 DPL=0 LDT
TR =0000 0000000000000000 0000ffff 00008b00 DPL=0 TSS64-busy
GDT=     000000003f5dc000 00000047
IDT=     000000003f241018 00000fff
CR0=80010033 CR2=0000000000000000 CR3=000000003f801000 CR4=00000668
DR0=0000000000000000 DR1=0000000000000000 DR2=0000000000000000 DR3=0000000000000000 
DR6=00000000ffff0ff0 DR7=0000000000000400
CCS=0000000000000000 CCD=0000000000000000 CCO=EFLAGS
EFER=0000000000000d00
Servicing hardware INT=0x41
    99: v=41 e=0000 i=0 cpl=0 IP=0008:0000000000101a40 pc=0000000000101a40 SP=0010:000000003fefa2f8 env->regs[R_EAX]=0000000000000000
RAX=0000000000000000 RBX=000000003fefa334 RCX=0000000000900000 RDX=0000000080000000
RSI=0000000000105008 RDI=000000000000001d RBP=00000000000002e0 RSP=000000003fefa2f8
R8 =000000000026fefe R9 =0000000000000000 R10=0000000000000050 R11=0000000000000050
R12=0000000000000008 R13=0000000000000000 R14=000000000000001c R15=000000000000003f
RIP=0000000000101a40 RFL=00000202 [-------] CPL=0 II=0 A20=1 SMM=0 HLT=0
ES =0000 0000000000000000 00000000 00000000
CS =0008 0000000000000000 ffffffff 00af9a00 DPL=0 CS64 [-R-]
SS =0010 0000000000000000 ffffffff 00cf9300 DPL=0 DS   [-WA]
DS =0000 0000000000000000 00000000 00000000
FS =0000 0000000000000000 00000000 00000000
GS =0000 0000000000000000 00000000 00000000
LDT=0000 0000000000000000 0000ffff 00008200 DPL=0 LDT
TR =0000 0000000000000000 0000ffff 00008b00 DPL=0 TSS64-busy
GDT=     000000000424b0e0 00000017
IDT=     0000000000105090 000011ff
CR0=80010033 CR2=0000000000000000 CR3=0000000000108000 CR4=00000668
DR0=0000000000000000 DR1=0000000000000000 DR2=0000000000000000 DR3=0000000000000000 
DR6=00000000ffff0ff0 DR7=0000000000000400
CCS=0000000000000000 CCD=000000000026fefe CCO=EFLAGS
EFER=0000000000000d00
check_exception old: 0xffffffff new 0xd
   100: v=0d e=020a i=0 cpl=0 IP=0008:0000000000101a40 pc=0000000000101a40 SP=0010:000000003fefa2f8 env->regs[R_EAX]=0000000000000000
RAX=0000000000000000 RBX=000000003fefa334 RCX=0000000000900000 RDX=0000000080000000
RSI=0000000000105008 RDI=000000000000001d RBP=00000000000002e0 RSP=000000003fefa2f8
R8 =000000000026fefe R9 =0000000000000000 R10=0000000000000050 R11=0000000000000050
R12=0000000000000008 R13=0000000000000000 R14=000000000000001c R15=000000000000003f
RIP=0000000000101a40 RFL=00000202 [-------] CPL=0 II=0 A20=1 SMM=0 HLT=0
ES =0000 0000000000000000 00000000 00000000
CS =0008 0000000000000000 ffffffff 00af9a00 DPL=0 CS64 [-R-]
SS =0010 0000000000000000 ffffffff 00cf9300 DPL=0 DS   [-WA]
DS =0000 0000000000000000 00000000 00000000
FS =0000 0000000000000000 00000000 00000000
GS =0000 0000000000000000 00000000 00000000
LDT=0000 0000000000000000 0000ffff 00008200 DPL=0 LDT
TR =0000 0000000000000000 0000ffff 00008b00 DPL=0 TSS64-busy
GDT=     000000000424b0e0 00000017
IDT=     0000000000105090 000011ff
CR0=80010033 CR2=0000000000000000 CR3=0000000000108000 CR4=00000668
DR0=0000000000000000 DR1=0000000000000000 DR2=0000000000000000 DR3=0000000000000000 
DR6=00000000ffff0ff0 DR7=0000000000000400
CCS=0000000000000000 CCD=000000000026fefe CCO=EFLAGS
EFER=0000000000000d00
check_exception old: 0xd new 0xd
   101: v=08 e=0000 i=0 cpl=0 IP=0008:0000000000101a40 pc=0000000000101a40 SP=0010:000000003fefa2f8 env->regs[R_EAX]=0000000000000000
RAX=0000000000000000 RBX=000000003fefa334 RCX=0000000000900000 RDX=0000000080000000
RSI=0000000000105008 RDI=000000000000001d RBP=00000000000002e0 RSP=000000003fefa2f8
R8 =000000000026fefe R9 =0000000000000000 R10=0000000000000050 R11=0000000000000050
R12=0000000000000008 R13=0000000000000000 R14=000000000000001c R15=000000000000003f
RIP=0000000000101a40 RFL=00000202 [-------] CPL=0 II=0 A20=1 SMM=0 HLT=0
ES =0000 0000000000000000 00000000 00000000
CS =0008 0000000000000000 ffffffff 00af9a00 DPL=0 CS64 [-R-]
SS =0010 0000000000000000 ffffffff 00cf9300 DPL=0 DS   [-WA]
DS =0000 0000000000000000 00000000 00000000
FS =0000 0000000000000000 00000000 00000000
GS =0000 0000000000000000 00000000 00000000
LDT=0000 0000000000000000 0000ffff 00008200 DPL=0 LDT
TR =0000 0000000000000000 0000ffff 00008b00 DPL=0 TSS64-busy
GDT=     000000000424b0e0 00000017
IDT=     0000000000105090 000011ff
CR0=80010033 CR2=0000000000000000 CR3=0000000000108000 CR4=00000668
DR0=0000000000000000 DR1=0000000000000000 DR2=0000000000000000 DR3=0000000000000000 
DR6=00000000ffff0ff0 DR7=0000000000000400
CCS=0000000000000000 CCD=000000000026fefe CCO=EFLAGS
EFER=0000000000000d00
check_exception old: 0x8 new 0xd
Triple fault
